-- phpMyAdmin SQL Dump
-- version 4.8.5
-- https://www.phpmyadmin.net/
--
-- Servidor: 127.0.0.1
-- Tiempo de generación: 02-04-2020 a las 20:10:28
-- Versión del servidor: 10.1.38-MariaDB
-- Versión de PHP: 5.6.40

SET SQL_MODE = "NO_AUTO_VALUE_ON_ZERO";
SET AUTOCOMMIT = 0;
START TRANSACTION;
SET time_zone = "+00:00";


/*!40101 SET @OLD_CHARACTER_SET_CLIENT=@@CHARACTER_SET_CLIENT */;
/*!40101 SET @OLD_CHARACTER_SET_RESULTS=@@CHARACTER_SET_RESULTS */;
/*!40101 SET @OLD_COLLATION_CONNECTION=@@COLLATION_CONNECTION */;
/*!40101 SET NAMES utf8mb4 */;

--
-- Base de datos: `gimnasia`
--
CREATE DATABASE IF NOT EXISTS `gimnasia` DEFAULT CHARACTER SET latin1 COLLATE latin1_swedish_ci;
USE `gimnasia`;

-- --------------------------------------------------------

--
-- Estructura de tabla para la tabla `asistencia`
--

CREATE TABLE `asistencia` (
  `idasistencia` int(11) NOT NULL,
  `fecha` date NOT NULL,
  `descripcion` varchar(45) DEFAULT NULL
) ENGINE=InnoDB DEFAULT CHARSET=latin1;

-- --------------------------------------------------------

--
-- Estructura de tabla para la tabla `categoria`
--

CREATE TABLE `categoria` (
  `idcategoria` int(11) NOT NULL,
  `descripcion` varchar(45) NOT NULL
) ENGINE=InnoDB DEFAULT CHARSET=latin1;

--
-- Volcado de datos para la tabla `categoria`
--

INSERT INTO `categoria` (`idcategoria`, `descripcion`) VALUES
(1, 'PRE'),
(3, 'PRE-SELECCION');

-- --------------------------------------------------------

--
-- Estructura de tabla para la tabla `detalle_asistencia`
--

CREATE TABLE `detalle_asistencia` (
  `iddetalle_asistencia` int(11) NOT NULL,
  `idestudiante` int(11) NOT NULL,
  `descripcion` varchar(45) DEFAULT NULL,
  `idasistencia` int(11) NOT NULL
) ENGINE=InnoDB DEFAULT CHARSET=latin1;

-- --------------------------------------------------------

--
-- Estructura de tabla para la tabla `detalle_evaluacion`
--

CREATE TABLE `detalle_evaluacion` (
  `iddetalle_evaluacion` int(11) NOT NULL,
  `idejercicio` int(11) NOT NULL,
  `puntos` decimal(10,0) NOT NULL,
  `idevaluacion_aspirante` int(11) NOT NULL,
  `tipo` varchar(1) DEFAULT NULL
) ENGINE=InnoDB DEFAULT CHARSET=latin1;

--
-- Volcado de datos para la tabla `detalle_evaluacion`
--

INSERT INTO `detalle_evaluacion` (`iddetalle_evaluacion`, `idejercicio`, `puntos`, `idevaluacion_aspirante`, `tipo`) VALUES
(1, 1, '0', 6, 'F'),
(2, 1, '0', 6, 'C'),
(3, 1, '10', 7, 'F'),
(4, 1, '10', 7, 'C'),
(5, 1, '10', 8, 'F'),
(6, 1, '1', 9, 'F'),
(7, 1, '1', 10, 'F'),
(8, 1, '1', 11, 'F'),
(9, 1, '1', 12, 'F'),
(10, 1, '1', 14, 'F'),
(11, 1, '1', 14, 'C'),
(12, 1, '1', 15, 'F'),
(13, 1, '1', 15, 'C'),
(14, 3, '10', 16, 'F'),
(15, 1, '10', 16, 'F'),
(16, 3, '1', 16, 'C'),
(17, 1, '10', 17, 'F'),
(18, 1, '10', 17, 'C');

-- --------------------------------------------------------

--
-- Estructura de tabla para la tabla `ejercicio`
--

CREATE TABLE `ejercicio` (
  `id_ejercicio` int(11) NOT NULL,
  `id_nivel` int(11) NOT NULL,
  `nombre` text NOT NULL,
  `descripcion` text NOT NULL,
  `imagen` longblob NOT NULL
) ENGINE=InnoDB DEFAULT CHARSET=utf8;

--
-- Volcado de datos para la tabla `ejercicio`
--

INSERT INTO `ejercicio` (`id_ejercicio`, `id_nivel`, `nombre`, `descripcion`, `imagen`) VALUES
(1, 1, 'SENTADILLAS AL CLAVO', 'MUY PESADO', 0xffd8ffe000104a46494600010100000100010000ffdb00840009060712131015131313161515161816171517151515171615161815161615151517181d2820181d251d151521312125292b2e2e2e171f3338332d37282d2e2b010a0a0a0e0d0e1b10101b2d221f262d2b2f352f2d2d2d2d2d2d2e2d322d2d2d2d2d2d2d2d2d2d2d2d2d2d2d2d2d2d2d2d2d2d2d352d2d2d2d2d2d2d2d2d2d2d2dffc000110800b9011103012200021101031101ffc4001c0000010501010100000000000000000000060203040507000108ffc4004710000103020403050407050603090000000100021103040512213106415113226171813291a1b10714234252c1d13372b2e1f01562738292f12434541617354344536393a2ffc4001a010002030101000000000000000000000002040001030506ffc4002e1100020201030401030109010000000000000102110312213104132241513261a18114427191b1c1e1f0f123ffda000c03010002110311003f0034684eb42f1a13802f347a2e0e01282f404a01405b3c012805c02500a02d9e42f404a017b0a0362617b0950bd850ab110ba1390ba15956370ba1390bc544b110ba12a5781c3a85744b3c85e42580ba142ec442e84a85e2a259e42f2129742858985d094ba1420985ec2e5eab21e2e85e85ca104b934fa729d292542d11cdb85eb68809e492a83b124269d4c278a4150b433d905c9d85ca1747ad09c017802580a02d9c02500b804b01401b3c012804a01280560362404a84a017a028058985d09602500a15a86e1742772aecaa15a86484de76f5547c57c40cb6a65c7530604c4faac72ff8e6eaa55d0f7760d6edaf873f55b63c329f069b256cd6b1cc45d4ab434ccb741d61a60f9e8b2aabc5cf0e350bdd9b76868e7ce49e436d15be1b6376f753ace2599482d0743941f648e9bfbd4bb9e03b67173866d497083119b58f4d9690edc3ebdcdfb591a5a7f25af0b71efd600a65cd656fbb9fd8a8409ca4fdd3ce7cfa1828c0b89595aa3a83da68d76187537f3e858ed9c0f2598d4e036b466a65c08d4418220c823d53b89b6abe9b5f3ff1344775dec97b47dc77e47928e38a4fc5ff00806587228bd4bf91b2ae8437c11c594efe880e392e59dd707402f1c89fef6847a7445afb6ee870f5584e0e2e98b7717b2290bc4e10a0e2754b584b770aa31d4e8d2c94bc2502db63772ea90e6e56f52a4d5c5abbded14db2d9d5dc93afa0927bb462ba9835ec30cc17660a3529ca27784b4b76d0ca43d9c24baa0024a421ce2ac45cd6e467b4545044a25e23c5142918253165c594aaba1a836be06f73264971dd4cc0306752209f545a2268a2682cb804485c6aaafa3dd852d4508812b429d5524bd7909255b8468a4d8fcae5e2e4a9a8f009402e012c0560367a02580bc684b0a519b67342580b9a9414a336ce012805e85ec85003a17a1abcce3a85ddb37f10f7a9456e2b2a8f88dc0a74dcf3b01f1e413a6e99f887bd08f1ce260e5a6c3303318e6e261a3e04ab482c707292466dc637cea99dee32661a3a0e43cca9dc0dc2cd63456a825eed44fdd1e0aaeda91af7419f743a7d1ba09f74fa2d22dd81a000365bce6e30d08eae3c49bd4fd702fb11109a60ca6396dfa1fcbdca4413b24d5a13e69618bf912c0350ab715c3854d468e1b1fc8f82b3753ca2498f35595b17a40c3733ceba344a28a7e88e51f6c0ebdb47d0aa2b53eed46fb406ce6f5f185a7702f17f6edc953da8f33a6f1d7fdd09dfdc32a361cd731df773b48d7a09dfc90ce1b72eb7b9eee9ae66f81e63e4b756d7dd1cfcf8612d8deabb06edd8f4502a092653782626dab4c6ba913e47a1feb9276a6e5651fa8571a71f160cf1638319a00254ee1b67d8374d52b15b0eda33376522ce9398d0d03409f94d3c4a3ec1507dd72f44a85d0970bc212c3036f7402503e235f3562e3c919df540d612566f8d5e06993cd40a28bbc3efd84c4eaa562172da7041dd51d853a5d967e67557972ca6ea2d246bc908ce97543f4aa9215c513dd086a8dcf780f24496a65811445f22a164243938521c89f0642e572f17a933606f8a78cbea8e6345373cbf60d8551ff6f6e8fb36753ffcfea9bc7da1f8a5bb4eb198fc96854ed980fb23dc9cc78e1a53685e7269ec017fdb3c44ed66ef52d4d378bb147186db01e6efe4b44af9434e83dc13187db08cc46eb5d10f8035480818ce32eda8b079b8fe8bdface36ee54c7fa8ad01f55a120de053447e09a980428636effcc60ff29fd538dc1f1876f7207933f9a397dd806143c4f147b59dc1de56e315e889c9ba40a8e16c4ddbde387935a96de06bd77b57b57d0b47e48c706bc7bd9dff006959b1ea969f488dc96c66b88f01d665273cddd52409f6d5636ae500493d9b0924ea49cba49f8faad2f8a6ac5abcf82c7df7322a99dc91ee0e07e11ee41911b60b7c8ae0ad2a3aa1e9f9ff00ba31b9bcacd6e714c06f2ce61c7d39214e11868712240d7d7585598971054a955ee2d0f687651da1fb369ef448989d0efd3de3dbd727436f2688ee17d8f173cd40c7d2004c12dd63a14534ab0734940784b1eea0ca8fb7600f072be80d016920e766fb8dc4828ab0cccda70edfc165923a5878ea48a5e2cbe921a09d3480635287a962556d488753a44804082fa841e6e036ebba22bbb32fad9db12240cd39438880e206f1ae8aaf1de132f0d7335a907b573835c5e49996e92d3cb48d86ab5c5a6aa46795497d28561bc5a2e269d4827ac6844c4c1da55763d40021c391107a74fd3d7c14c1c3efa9714ea86767904174ce7811df6c6e75d54fc570cccd2d234223deadb82978815371f23b8631b34c34cf74101dfba4c4c7818f8ad329550e6870e6396de8b08c2abc39f49fb896bbc41d9dea35f35a3702e325ed345e7bcc90d279b504e1a5993f2dc322e5e0290bd0a8aa1c95c4a439f1a95438a624f7bbb3a7ccc13d11256512f15aacca64acd31e7b1ce227c91c5cf0bbdcdd6aefe2a86ef82c35edcce275ea892a765a7b50336174603676469681d52900a9715e1834ea8c9b11f1463c218416b25fa95528dbd865644a16c1ff00aabdaf45d60efb30a45f606ca86762ab1f875cd2d18439bd0ab5115964d459ca43d41b2bd73896bda5ae0a73ce8aa4a914b716b9265724cdc05ae336354fc187e247e8b47742cd6d897634ef060f9947b57c4a7e1f4a159f23970e061a39a557a9959a2aea96fcc1d5457d6a8ddf50b43326d771803aee9bce662364d32fc1dc2f2addeba052e8943ac71d4aaac4f10199ad1a99d548b9c4b283a21fb8b771eff5d50c9daa35c6a9d849856230fca79abe6d528130ebd33dddc184616f54968250c5fa2f2c77b21f19dd45a3bd3e067f2591d1a934c78baa7f091f35a671e3ff00e108eb3fc256616e3ece98ff00e43fa156f70f0ec826e15b62696dbc8f8bbf929f69c24c6e76877d9bdd98b0b5a7bde6e076d53dc24d02ddbea7e2510d37255e46a4e87fb69add0ddbdb0a6dcadd808d752072009d87826e919254cab190fc509378ba9b6abe888ccdebcfdfbaad32932e2e3144eab50b1e41e7b78ab6a065b3b8e9fa2cfafb891efb96b1b4dcf13ae51a37cca37c1ae854a40f989eb0615ca0e295914949ba253c8e5a2aebca8008532b39535fd5010c790e6b601f8aa29d76561a07771fe5b83e8a760f7c69d76d413d4c7303daf789f72afc79bda3a0fb2039c4f48d8aafc0af3400eeddbc87f2f927b4de3bf8399753af93e87b5707b1ae1a82015d7755b4db2e30a8300c6594ecf338e8cd0797ddf9c215c5313ad7352648603a0ebe6b08ab2f4c9bd823c731a8668601d02b3c25b4db40381049d494017cd9804cfe49eb6bb7526863498275f05ae9db601dc5ee4ee2bc7ea9aad6d2765cba9f1f04bc1f881d56055d08d8f555777466ac9e61268dbe85536b8348e3b568bdc62e1e487b4cc228e14ac4d2ef192b35b2ab525cc2491c95a5aded5a4dcad312ab865b86a55ecd02f719a74cc13aaa7b4c6df5ab80df606e84ee33381738ea55a70bbb209e9254bb24b12846cbcbbaa5b77948d1c247c8ab17d3eea1e37afaf70c706c0698f445469f70aa9f063120ae4acab924334026043362d5cf40d1f347bd9a06e0def62174ee8e8f734235ab751b05d05c2149723869af3b09511d7afe4123eb557a22a60b64aad6ad026155d720094abbab5dc215654a753672196db971df61a73a65c792b4c32d73b039c37e4a05bd2904228c3ade18d1e0aa1bb61ced24426e1d4da643755258c53cd05eb682d000338e0c52603cddf0e6b3ca3032876803e67a69cfd5691f4894bb94c7efff000acfebdb6be0e20f9e8d9fe22b26f76338978a2f3876f229e53f7491f9fe689adee6507d8d2c8e703b83fedf3f82b7b5baef00969c77b43d097a6128a93e2a21c1a81043980ce926263a66de146ab88369b73388006fae8146a38d9aa25a1c0728639ce23704c0d24291d416de89d4f06a0c6e56b6073d77f34f4b5821a001c8054f5ebd620b9d49c07225ec68f1913a6c5505ce2b725d148b5c36d76f139a3e528b4b911f8ab0aae2ae9f243b7d753a297851a8f04d40000249049131a4480aa6b9927ccab8c69994e4da1aa2c6b9ce69139806ed260983a7aaa4c7ac450aed73367483e636f91f72b6b7c42852aa7b570072f767e2a838831c656acd14fd86924988cce3d3c047cd378a3272e3611cd920a3bbdec3be19ac2a5b3e99f070f29008f4cca7dad839c7ba341cd50fd1d6b73d99f64fc9db0feba2dbe8616d0d86b6345835526892cca29599b5de181a3c557baccad26e3871c4f82835b8708e4b48cab93094a327b3019f44920a92db7d15edd6105bc956d66e542f7e0670cf4f233865883582f714a196a91d12f09aaeedc26f1cb8fb6285a746d19ad56462c952f0964b88e4abdb595be0b44c8775215a4e81cb24e9132c6896d48089db4aa7664af6d30ecd5011cf74482dda1b96348470c4e69d08e6ea142901907aae563f550b973c63bd1339fa3fd6bdd3bad477c344595e91064211fa3a7b62b389026a3f9ff78a327d561fbc3deba5462f918145c92e0e0a576ccfc43de90ea8cfc43deaf7076198774505dab88e7d14fb8bd631a4978f7aafc3cb2a3c54ce07aa09a6f634c6d2b644a56151af201d4a2aa572da4c6f686397aa65a69cce76cf9aace2da4cab6fa5412d208d7a194518d1529dd058d32247351317bbec291a84481ba6f06bda668b26a36607352af9f42ad3731d51b0446e88cdc810e3577694a83c7decdf16940f79a369b86c0b47bc3a3e39423de25653651a54daf0f2d22359f0f920cc4ad26854637da6b496f9b4e6f916ac24bcc6b1cbc2cf4d224e7d2206dcf491f22a4d3677646e3559f3af5c0832eecde3365931b1cedf7668f184498263234a6f74b8680fe31c9c3d215cf04a2acd31f51194ab809af2c69546879d46f0751ee5ee1d60609a4c0434efb367a687552708b5ed1aed7b93cb9ceb015e51635ac0c68868e412ce55b0e2db7421964cecc31cd6927574011b724f585952a7395a013b9e7ef5cd3aa709840a454af82931db3ca1ce6692350822eae431a4947d8f3fecc959dd1c1dd75f7f2521b9024b8f30390f34ce24bd986472e17203e2b73da552ef41e9fd1519ad447c57c34db66b2ab2a676bdc5a5aef69a624491a1044f4854b4e9870f1f92eac651d2ab83852c72d6f572689f464fcd7349dccb980ffada3e4f3fe95f48c2f967e8caf7b2bc649fbcdf207308fd3d57d4cd748959618a5392fe01f54ee316742f0b4252e4cb8a7ca132a718b51909016738890095a6637543691f1595e2f53bc573e704a6d23a3d349b86e3fc3f55a2a99f20a07101fb6768a4595b8149d5675074f44ce295995435d3063559b43f06ecafb1a799e01d95f61b5b2d481a85496351ad71e8adb08a83b4061156c6127e46a383c1a60a9e557608e9a72a6dcd76b1a5ce30026f0b4b1db397953791a454f62178a3fd7c745cb8b4877b73328a3f46b70d2ec974e68712481a6e53ff00f77575ff005953deb4c6a7023efcfe4ddd7c198b7e8d6e4ffeb2a7bd38efa30af306f2afa3968f7351c1bdde6555585d557dcba012d1a19904479edcd57ed13f9228b69bda80e3f45551c3bd7754ff00993b4be89de07fcdd61e4e0b4765e6a60775ba13e2a536a853bf37ecc9ce4bd199b7e89ddff575ff00d69d1f44b3bdd563fe75a48aabdfac29de9fc80f2cfd23396fd1237fea6b7faca75bf44b4f9dcd6ffec2b42fad2efad853bd2f907b99405b5fa2ca4c787f6d5491112f27c79aa4c52c3b3ba75377391e61c23dda356abf5b08278fe84965668fee9f3fbbfd7929aed9be0c9372d33e0c2ee6946669fbaea823c41d40f427dcab051aaf314c39c5a2646e3a7af2f18471c5b8786b4d56c45473dc7cdc1b3fc442a176282d590c199cf399d9bd96969ee1046a6417023c42ea63c8daf140e5c692f274691c005e6cdae77df25c3ca00d7d41449086be8f6a1a987b1ce3ab8d498e5f6afd074089f41ee5cbccaa6d7dceb6295c13fb1e3024d67a75a546bbd02cd07ec8970ccc2370a13ed6951a50c686c03b6dee4f5cdfb5a344258d63604b656f08b66339c50e53b465cd37768d0439c77f09f71f14158860e68562ddda7d9f23313eef8237e1fbe69a4d6ec04ea7a99fd555f1adcb4d414e9f79c1ad1ddd60ea4c91a7de4d639493a12c918c9d83184d4c95667949f3d3f92fa7f82f17754a0da55865acc689077736016b875d085f3359b5a096922625e7947268eb31f05bb6158c50b9652aadaf42865680c2fb868aa1c34f608d1bd1a4fb93152d5ae22995c5c743ff00868eb95758e2b4dc00356939ff00dc7b483ee3a2942ed931298d684b4b28f8aeacb7283aacc71127310b54e22c18566cb747750b30c72d6a507c541cf43d529fbcec6e12f05a48ef65414409d0a8f42d41741729d7f50fd5410a1f0b61152bd50f32180f3e6add2561ea9b749932a58340d0c953f09a25a77d510dfe014e25ba10374235b116dbd48267d562e6dec6d1825b9a1e09891ca6234e4bdbfc5f38c8e1cd0ef0e5dd37b8ba9bbda1a8560c68edb540db4a838e2837aab727f6ade8bc565d837a2e4919f763f72b43c0e6bdfacb3f10f7a0d0f71ddc4faa5862bd06fa505aeb9a675ed002dd46da9f155980e24e2fa95aa96b5c4c01c880207bd5280b94d04d2b7417e218cd2ad68fd723b9367bd20882143b1c458180176be2868b920b91cae5bb06308c538ae390bbfb569fe30bbfb4e9fe3083cb979990682ea2188bf61fbe12feb2d89cc206eb3cc4f151463bb99d04c6c20753c9035fe355eabcf6951e41986825ac6f934681318ba494f7e11964cb086decdc4e39435fb41a75397f8a10fe358ebaae6635acecf7cd9b31246a22341f159de1b4640d243873f9a9f87552d152992600716c6d2532fa28c536650cf724a8678bf5a01b941ef86e6e6dd1c5be8496a0eb9a7da86fe2d07ac411ea00f70ea8c312baa6e6d4a2f3a3a609e43ee9f8b7dc811959eda85bb9988ea5174e9e9d8d7a86ae9fb35be05aad6016e0fb2c63878870d4fbc1f7a3434c4aca7067b9988db0d417d121e267eee61af985abd074b527d4c34cc6fa79eac7fc3612fa702555e32fee68ad9caaf176fd9382c17232b8330c671f01ce683244e83af8a0fab74fa8fd4ea4a7eb522d7bdc7f13bd4c95d82db66a81762118c23672324a72924c3ae16a1dc6b4f99febd55b5ef0df68efda64a71de200cc7c0721e693c374bbc4444003f33f9297c4b781945cddb30ca35ebbfc2573b5373d8734a5133bbda0c7556d3b564ccc9324bb53d7940f9a35c2f846b8a60bdaccd0396d3e51e2a470560818dedde239374d8728e9b47aab4e2be266d0ee804be36074883bfbf6db65e8b0618c61aa679bcf9a72c9a600ed6b0a6c7e5ab48f8ba9b9aef5831f34ddc3a933f6266620ec679e875ff6dd4cc36abdf45ee703da38c8113a7e1d547a16151a492c7176da888ea07458e5cb8e1f4eec6b1629cbead9179c2fc695a8b4d22e2e04882ef69a675ca1da19fc3a1e88b6e31eb1bb2da759b529b8c779cd686877a131aa03b6c318f69cce04807ba41d4781db40146bec4c31c21c6408112488d06a7c025651bab46c924ed1aa56e06a64436abb2f42010ac2d3877b36c35c3dd0b39e0be3aab4ee1946a3f3d2790d39b7613a35c0f9e91e2b57fed2a7f896593b6bea229655c6ff00a02dc4d835fbdb96dcd38e65ce23f259ddefd1e62625c58d79e70f04fc616d6717a639a71f5daf69cae8f543ab1a5e0f72dcf27ef2334e14c16b51af4dae6167761d3d615de2d5bb2baa6d8f69d052b15b9ef40aa3303a10ed42856d74ead51aca825cd21c1dd40ea9594ec7f12a7bf141c485ca37f6852fc6172c68e7e89fc333d6353b0bca63584d53a9de3fbc47c1151d11e29b714e3934e52882094d92944a442b28f1725424d5300c6fcbcf92845b89b4b5639e5ce2082eeccb7289d5b2d739c46ad265ba6d1d4a8b8be114aab4b2a3402346b800d2d31a43b90f87e4ebc3a665c644104eb1d15e5ed817d263f70f634e9d4774fc8abb7ca0aa3c333536efb770a753607bafe44743d0ecad6bd3635ed781dd769ef5796b64dac0d07778ecd9dff74f5f3ff655b7f86be99eca2329d9d2081cbf2fea575ba5eae3923a326cff000ce5f53d34b1cf5e3dd7e417e34c301730d204bcc88f01b2a8c16cce701cd87ec646d02667ddef5a761d8631e43aa132d1c8803a4ab6b3c0eddbdf14c66d84eba7aa5f367c78ae2b719c386796a4c06b4b5a8716a4e0c269b1b05c0181dce67cd68d6f53530d3f2f9a7cd201a348f20bdc8276f55cfcf9bbb2d54743063edc34dd8cd4aafe8d1e649f905557cf7b9a417344f469fccaba744150710a7dcd96499a3b31ae24c30b2ab9add46f31f8b5fd55870d61258dcce1b9d0ebc9155d61eda958170e404f24ee236ed66568d174e393c299ce9c6e763d8752c8d6bfa993e474f947b956dc5217378e074a347579e5a18227ace9fe5562e63fb06b5bde7400d1e31cff00ad155d93737d9537450619ad57ff007aa9dcebc86c07af347d174fab2393e101d5e7d3051f6cbaaf7d96917cc37d9a63af21eefcd08d6b77567c9925cef39d761e1fa2b9b9a552e1cd0c1969b7bad2e30df49dcf97e6ae702c04e68602f76d3f381c878adfaaeaede94f831e9fa6a5a9fb1cb2b114c65a5af2246e4f571e7a721a2b2a549a01757780c0407131a78091a9df4f351f8971aa3674c5163c76860547e8437a86c6a4aa1a556a5d10e0c34ede9e8dcd97341d4b8e63958e76e4bb5d84681731637276f71eee24a96c278a313a2c272bf281ec13dd1506ba35b3a988d46f2844e30e986db924eb353bba7231bc7a229a365665f2c24d498cee76633ae82a0d3ae812f1cb56bedc38b7bf4dd96799079cf3e499c5974494249ee2f9716a8b945f00cd3b8aa5c1fd9d2d08260bb4d7a80168f4f117b9ad74c6600fbc4a02b4a73ddea623af5f41f98ea8e194c00074007b95756d5a8af44e993ab63e2f9c0269f74f223311e4579090e093192b2bdb1ea67aca6a85f54a750073a37ef750ac2a21fe232324131a813ea8d2bd81badcbefed5a3f88ae431fd92dfc7f15caf4a26a61d537284da833b9bd083ef4e0aaa053a9151fd4ba7e1a20a2ecb32f482e51fb5493554259225781476d54a6d45096480154f1457aaca1348e5330e7c4960ea078ed3ca55a829ac569cdb54d27bb11a9dfc91c1792065c3a07b08e25ad9d99c34e500180185fe248ee83e04419dc2d5b84efe9dc51735b20b1e7bae6e5734100905bc8e62ef0e61647c3f68da83b3c81cf6ead21db8d3ba0ce8478e9f23a6e0553bec7b590e34da7f090756bd867da2088e5ca137d562c7860b25527b7d84e192591ca0df1b83f8b52fab6231b0ccd77a1e6ab7891e5b7d5009cae21c09e8f01c3e647a225fa43a46a3a9d46436a096b9ae96b88dc65e47dea87158a869d47021c1819cf769d3cfda1ee4be27172d9d8cbb941498d59548ac25fa46a06be6344636b4ce7312440cb3a691cc7542961610fa8e223b87631be827aefb2916fc599713ad6cf22016b5876008a6c05a4f89947d74178d7c3bfc15d1ce4dc9059f579dd34f0014eb2bc8febe2a3d61057319d08ddee25a005e5782dd973296b2e49bca8220228b2e45461ed1dabc1035123d0ff348c52d439d3c9bf3e8aa38aafeadbd2eda989731c091d412011e1bab2b7c5197141b519a07448e87720f8a6dde84fd0b26b535eca8c6eb38bc5263b28cae351d3ecb0e87dfded39c2836f0f3918228b361f89de9d773e09905d5ea54aa4c5273becc737b18035903983abb5fc6adf0aa26a3c35adeeb757005a04661b927c536faa58b0f6e3cfb62dd87932f725c7a2fb04c35d57986d368fb57bb4000999e400e4133c5bc694ade9368590739cf3965a21d54c7dd3f75bbc95e639899745130d637ee31e373b1711b9f30554e1f661f58e460cacf6dda9766234683a92e83ee23aa571ca3e8da716f763780f090713757a7b579d4347ecd91b0006a40f31f39b1c40beb365b41ee6367293195a06e5ac1a0f40afc1a81b9453cad1197ba5eef32d6981eb3e8a0630d63843d8f7811a54cc19b6f90103deba3d3f76b6aa12cef1dfdc02c4314af058d6403a41c8dfe7d79a9384e32e34df4ee016c6b98ecede04f3769eba78a62f1d4a93e69d16024fdd11f3cc1395311351d49a18d6e4249ee8983a9da34d1167c6a51ddee80c391c65b70c7b07a99ee60b72896e511b344b8ebcc9204f9045e42abe1eb6960aae264e6c8393584e9e6602b75ccc94e5b0fc2eb71b848784e94970598441acd2a9b13b569ca1dacb87eaafaa055d7f4e729e842b450df661727617296589facc68546ad5a1f9b93b43e63648a9b262e7d8f50892049a6eb494db6f3318510fb2bcb752896590ad09d15d413b25b15510b8a4f9624bf33a9387291acc7bbaa8961bbbd12ae7f66ef34505e48a97042b6c3c1ad0e25baf72b30e523a02f1b1f389ea8e786cb9862abcbdcd76ee686bb2913de1d749e7ec20de15ff99abfb8f459c3dff2f6de4cfe372e9f55053e89a67371b7fb557a6abf17fd8b7e2d617b1b11a6a49d74d20a0dd723606ad7f33a43bf984678afec69ff00867f85a83ebec7f79bf35e67a393534bee7631c7ff0007fa936caa43cb9f044367c034e677c01592632fa8fa8eb9d476ef73e75d09717000f5008f82d16f7d9aff00e13bf80a0fc4bff0aa1fe2bbf85abb939b7357f15fd58be182516d7fbc069c03c526b3052ad1da3740ee550720ee8ef1e68c9f07e5e45625c3df9b7e6b6afbe7c9bf25cecd1509d2e18dc1d9cf98d141acd2352a7951b10f60a18bf41b5ec1cc55cca9dc3cc81cba884aafc246da9179ab969bc416832e33221a20013d7584cfdf6fefb3e611171eed47c8ff000ade4ea22c9b7348056b1ad30c19444346f0360115db0a769662466aa4c99f1d81e810cd97ed99e63f2577c4dbd4ff002fe696cbe525166f5b032eaf1350eae7ba18dfc4e27403a01ccf879abbc22ffeaf4831b0e797e6a8f3ae624eb3d3c00d8421db8fdad1ff0008ff001355c5afeccf99f92e9e1c71a5625966d3d82db23da004b9d9bab4891e000e8a07145c65a304bb3ebed4f8851f873f683d7f24cfd22fb43f77f30bb3894638ad239195ca59a9b33fae4b9fba9d87d07163881ab88613cc379c789955df7bdc89b06d87effe61239a558ec7312b9d17d6aeca1ac1b3401ea02941ea0d1dfd4a92b9474074b971726d715087540abaf8181e63e6ac145b9e5e614284f64b94a5ca047fffd9);
INSERT INTO `ejercicio` (`id_ejercicio`, `id_nivel`, `nombre`, `descripcion`, `imagen`) VALUES
(3, 1, 'FLEXIONES DE PECHO', 'FLEXIONES', 0xffd8ffe000104a46494600010101006000600000ffdb0043000a07070807060a0808080b0a0a0b0e18100e0d0d0e1d15161118231f2524221f2221262b372f26293429212230413134393b3e3e3e252e4449433c48373d3e3bffdb0043010a0b0b0e0d0e1c10101c3b2822283b3b3b3b3b3b3b3b3b3b3b3b3b3b3b3b3b3b3b3b3b3b3b3b3b3b3b3b3b3b3b3b3b3b3b3b3b3b3b3b3b3b3b3b3b3b3b3b3b3bffc000110801b0030003012200021101031101ffc4001c0000010501010100000000000000000000050102030406000708ffc4004710000103020404040208030703030403010100020304110512213106134151142232617181152333425291a1b10724c1163443536272d12563e135a2f1738292f02644b2d2ffc4001b01000203010101000000000000000000000203000104050607ffc4002a11000203000202010403000203010000000001020311122104311305324151142233152342526134ffda000c03010002110311003f00c9809c02eb250be8387956c50a46151ae07542c068bd03f4011081e2e1078cd8dd5e825b90b2d91636a9a4f03503c5c22503c5904824d77446196cddd60b133a30907a9e400a314536802cd53ca6e3545a926b1dd732e869b6b911715bf35461e2ff00e28fdd109fd0109e2378754e1dff00d51fbad0b226bd803acb8fe557c961aa2f01c468b803d912f0ecbdac177866f40bcc791f499d8f51aa36e0372fb2eb1ec889a767649e19a7a2c32fa2d883f9903ecb95ef0a3b24f06db685225f48b905f3228ae3b2b868c9ea90d1b8a5bfa5debf05aba2533d936caef83714c348eedaa1ff008ebd7e0af91153e490ea15a345226f8393b29ff1f7fe89cd032a19aac763b1f2eaaf6dd6fe5a17bc69ba018bf0dd4d69058350bd47d0a36513c9fa397f51abe48623164d970211d7f07624746f44c1c1f8a37ee85ecd79103cdff12cfd019c999ba233270ae2ad1a47755ddc358ab412602a3be252f16cfd1061b1f32a3e6b674accac08261381d640fbcb09172b4d1d2c8d001695e3febd295ad4627a1fa755f1ad63e26dd596352470bc0b642a511b87dd5e325459fa3b6a498db25b276477e1292c7b14a74cff00416a117276536d97653d90fc72fd1346a69dd3edec9a6fd94e12fd16a4845d64ab94e32fd1675923bd296c90ed65145e9347d20bc855f2a851e8f36ee8815eebe95d5273eefb8018bb809484289d512c60da73f142ceabd043d0085bae2536f6484a66107665d9932ebaeaca1f7d13121292ea1075d70d536e9cddd4212c23eb1bf15aea2fb06fc164a13f58d5aea21f523e093329960eca09dc4464f6539d931cc0f197ba47e4283c6662aea2ac48444d36baac6a710fc256c9b8744403942efa361fc01688cfa3b10f321158d18cf1f5adf534a58b14a9e600eb85ad761113868c0aa4981464fa15f34357994b5e81a6ba611660e439d8cd407104a3f2e1279760db20d2e052979201569a34536512f641f4dd40ea93e9da84ff00a066fc2521c0e6fc255ea346f8e70c72a14d0e2b512b8349dd40705a803d054d4b86cd0bc1730ee86404fe0c7813652899b9dc2e9b2b0d2333b11081b6880d957ae85d2425ac04acafd9c78cd3b7bf40838e4c091ae89bf4f4c3baaeec2ea731f21d546ec2ea7f039374ed4634345cfed04dd8aefed0cc3a1540e195207a1c9a70ea91fe1bbf242c3f8fc7089e2297b14d3c432762869a0aaff29df9263b0faa1af2dca17f150143c432f64d3c4535b6429d43523fc377e4a1752d48ff000dff0092a09534061dc432f64f871a9a6396c80f87a91af2dff92bb87c12f37ccd70f884254eba92e8332529aa6e62752a2340695a65bec11aa387ea8122c9310887857d86e109c494d7cb8671d5ec06c544ec423eea9d4d1ca5f717559d472f5bab48edd696040d7b7f128cd7b6f6ba1eea593b94cf0f20e85160de9040d6827749e3077438c320e8534b241d0abc2684cd60b241597d0219678ee9f017194021560a949a089a992db27d3ccf7ca01054ac6b720d14d471b5d38d02a133b5a44afa174adbe54ca6a131bcdc2d2d3c0d310b8e8a19616b5db2a3912b7647942eb2e0957d31a3e783572e2525d03459231ca78de5a6eaab4d8a943ae952880d05609ee88413e96402390b4844609af62b0db034d367ec3f04da8d513a79edaacec337babf0547bac165674ab9973179b3d661c3fee8fdd15c5312968430b35bace574b9f10c3bda51fba29c4f711c760b85e42c99d6f1529bece3c4b303a809cde2797f0ac5621592424653d5546e2937ff00a56568ebff00162cf431c4ef1bb13bfb54e1fe15fe6bcf3e979f7d54f495b5d5120b32cc3d5c85f4817e3411bcfed791a0a707e6ad52710d455ed46d6b7b92b39454a465e686731dd023b180e6e61f54c68d4ecb2ce622554430cab90b438b05bb26495af646e7902c020d357b40b424bedd495ccc4192c2e81ba976e97f20b75a2b3b896a3c40631a2c0ea3aabdf4f8111748dcaf076f641ab30f650b455456d7beeb3f88c3526a1d50c98e568cd624fe4989e80e28f428b15f10c2ea795af23ee9554f12c914fca9e987bd8acd70fd5c71b1c43c667ef98a871386a9b537330dee40eca9b2b8a37d4d89534ccce6edf62148310a375ed2b4f7588c2f13969882e9849ec46a11aa9c3a9b19a7e7521104c37ec55c6dc0954987bc652dfed19f9a778980ece6af39c48cb864992b5ae66b66c8362a89c5e38f69dd6ee0ad119e8e5e129768f55e740772125e9ddd42f2e18edb5152eb7c53d9c40e1fff0069df9a3e4cafe01e9d6a7f64b9223a82179a0e2296fa551f99523789671a788fd504a2a5db44fe1497a3d26d1fb2ecacee179d0e28a902dce07e69cce2aa907ed0140e983fc13f89347a11633baee53085821c5b3dec5c0fcd4838b2702f71f9a1fe3d7fa2bf8d62373ca6a43135628717483a5fe69e38bdd6d5a7f355fc5a9fe0af82c364226a4e434ac90e2ed7629e38bd837050ff0012afd15f0d86abc337b2e34ad5981c6117fa93c716c27ab821fe152fff00129d761a3f08decb8d2b0e96400716c1d494f1c5d4bdd4fe052ff00f1b1069b4c2371b2909d0a1f458dc55eeb47aa20740b5d7546b58844b77b3358cbbf98f9a1974471afef1f3437a2df05d105484a6927ba4d4a661075d75d37e6bafeea614294965cb9590eba734a658a5084858a7d666ad8517d8b7e0b1f4ff006ad5afa47b442db9b586a6e9361459ba6dc0728e5aaa78a32f9278d8dea4bb642e5c7a8bc40863a8639c4122c7b2ced9683ed9800944cdea5650f13c12b49a795aeb7a81dc2886366a358aa5a7d8146a51c34d75465ecd809997dd71998b18310adcd78ddccf83971c7a76b8c7244f69eba6c8934695e1c5fa66a2a7108a2167382a2717a5bea42cad6e2425d731250f35009ea9891d3a7c08b5db374316a4fc413be95a4ee16084aedec53b9aeff52bc1ff00f1d1fd9bbfa5293b84a311a57e82c495856c8eee55dc3e43cf6efbaa7e84d9e0c631dd362d208b84bcd8e21e7d9470fd9854f1639695daf45997b38f5c795bc4b9e3e92fb85de368cf56ac2999c49f31dd34ceeb5b33934edafa7afd9bbf1947dda93c5d11ead584e7badea72699ddf88aa0bfe3ff00fa6f3c4d19ead4867a3eed583f1241f5b921a93f8ddf9a164fe07ff4dd19a8bfd290cb43fe95843546fea7268ab37f51fcd40bf82fff006372e9687fd2ba3346492d02eb0aea9276790afe19505d2d8b895009f8ae2bd9b78ed93451d5d8d39baea4378815162cfe5d139c37b259c47fef80499adcdd1567b5a874f5f235e7755dd88bcf4288f415c7a093c30289c1a50e388487a5934d73d58d4102c6a6e469e887f8e7ae358e3d55e05b85f3136db27c10445e09428d5bfba74350f327a94c60ca48d172e20dd0ab5471c7cdb840c4c6c097144b0a9334c05d518ed6b89ab840118f82ad503cead43f663e0aace2ef4270f7fbb3c8975d214d2eb2fa861e1b052525d34c899cc40da0d4592e6d53daf55b989c244a9344712e35eac43316a1ed914f1bd669bd1798c310cfee88432e9ea40a3980b2b9154d9639c19beb9a0a48fcd88500bff883f747f883cc180f659464b9f12a0b7f983f75adc6db72c3ecbcd798b2c3bfe0f6603181696c3baa2d1746317a57be605a3aa8e8f0c7cb23416f96fa958b961e8e2f16b130dc3db3384b3836fba0ad251d0657db473ad76b40d1a9d4948d6b18d0dd4e8d466185b4ccc9619ceae77658edb0c56d9ac8e96922a606499fe63ab9c4aa755593e20e31c5e4a61ae82d75d5531a99f90c27237af72a61164688d9f68ed2c3a2c8db6274ad0406573608986fd48e89d555b87e06467673663f75ae5571bc6a2c1623434843aa9c3ceffc37585afae91d4e6591e4c8e76e7728e106c19cd1abc4b1aa8c4729749142dfbb1822e9689b2cc19ce19d841045b7584639dcd6c8f738b9baeeb4f8562ed748ccc6ce691a13bad3c7119f910e297c32bc362718c3b504744769df498ad2873aa7f9963757176e96b2920c660702d19da2f71baca61933b09c4797247981241bf655c423414c69d956419487836b8d42d6e1d03a36074523751ad8e85638e25864679f972386faa2b4dc5b85538608e42ebef7e8912831b168d2e25414d8c50be96a181a48d0f507d8af2fc67009706ab304f98c2ed58ff6ecbd1e8b8830dc4cf29b2b41234e852e25431d6531a5a9607b1de87f6455cdc7d9a6ab319e4d3450471dda6fdb5545f29bf94946b19c2e5a0aa74393cbd0a06f85e0dc85d0ada923a50c92d1bcc7fe32944b20ff0011df9a6e537b597169ba660ce23fc44dd253f9aef1538ff15ca3b10765c41b1babc4571261573efcd2bbc7d4dbed4a840365dd34538a2b8938afa91fe294e189d50ff14aab62954e281702d8c56a47defd12fd2d53dd514972ab115c022317a81ffc270c6a6ea3f4436eb94c40b8053e9a96dff85c31a93afec85aebe9f25305ca07aaff000fe73530191df896eddb6eb01fc3517a0bff00a8adfb953470eefbf0cb635fde3e6865d11c6f4a9f9a1775aebf42c724b8ec92e92e9a41d70b936e575d5107ae49748a9905bfb270d530b835a5ce700d1b9285d5716e1b44e2d10c92966e6f6d50378530ed2be333e4e60ccdd4b6faaa38c71532095d4c496359a5c13e65857f1ad478f96ae9a364464161737d1323c7299f40593b5d24e1c5c1c068755966db656874e2d24d13e4e499b31b68f274f7174ec122e7e2ade7c32c56b91b80b3f4b8dcd98ba26c400fba7746a8b8aa1a995b4b5b03206bb512836b14969849a25adc2ab30faba99e9277642eb80066cc2fe955e2ac6b9e32bb95383e665f290ad7d24223208a612c123ae1c3a28a47d0d63036a5818e3a0901dd0607bfa2eb2b5f264323a461fc4d247ec9f263f89d14d72c6d54005cec4dbf74324a5aaa485a2398c915b4077fcd7418a5506f21ad8dce68d5923753f346b4256492e986e1e2cc17138ed25388656e85aef2ab31d5619291ca8480468e692564e7c4a81d786bb04373bbe27dbfa2ae314c1612d2c7d742d69d1ad2081fa2745b43ebf36d875a7a252d2e193903c4b584e9679b6a8c3386617303838381ea0af2d938970991a0475750d70d06668d512a0e32aaa16064550e9184fa4ee98a7a685e6d9379a7a11e188ada7ee91980369dc1e0ec7ba010713554f13658aa010e1b11b2b9458cd5d45532374a1cd26c5137d1b5c3c871d6fa34ac6e5600a3a8a3f16c2d2742a668d02a788d5be92273d9d1665ece554a52b723eca9fd98886a3f74c3c2f15ef9bf5543fb4d3f6fd571e259ff00084f3b6abf2bf65d3c2f1916b94c770ab3a38aa9fda59fb2efed34c376fea8585f1f95fb2c9e136fe24c3c243f11517f69a6b7a3f55dfda69ff0a1270f2bf62bb84cf479513b84dc367129e789a73f74269e259ede80ab4251f2489fc2d201ba9a9301969e4bf44c3c452bb76ab14b8d4933f296a854d5ea3d87e99a59186d9458a303e94853d39ccc0eee157c5a5e5529250338717b79979a8e373bd2140ea18eda35587d536e75511aa6d959e86116915dd451fe10a1750c7d95a754b7ba89d3b7ba9a3122b1a360e964df0208d15933b3a949e21a11696d149d87bba14b150c81fb156cd5b004b156b4953406909e165005822983c32366bb82abe2db61a22185ce1f280157666b52e2cd441a47f25566f5ab518fabf92ab28f321382bef678bba7f75199d5619894f11b8afa5726cf27c22893997499d736176f6523602770878c994dc50c0494f692a4107b2788acafe3603921adba99a53436c9c05957c42a4d32404f42a68e5215705381d504ab580eb416a294bb12a01ff747eeb798b0f33179ce1af3f4ad08ff00ba3f75e918b0f3b3e0bc6fd4a3c6d3d3fd2db68cdd630ba4d14f0b4c54d6b6af2baa059e0f55346d0f7c4c209b2e3c9f47a2b659109d2421aee67616604ead979717241bcb26e7b05244ecac73f40183443db2f3a7323c81aefd9629239ed8e6471d144e99dab8fa428abeb8613873aa1c6d5130cac1d428a2aa6e238910481041a9ed6080d6d7bb15c61d2bede1a9da4b7b5fa29087653914db87173c3a7797cf29ccf71ec5557616eabab3e50591e8022b1cce7b1cfb799db2bcf74783d0895ed0e9a51e4053fd0bcd005651d3e174a5f306f8878d1bd967e29df1d4897775d13c41f355caf7bdc6479fd10d3018c0ce6c53e3da16fa3598262ed73c1be57ec4770a971782da96cb08b666ee104a79f953581f985a29227d750341224701a1281bc616368c34f552bdb94b8a8e3af96316691d918770fd448f734c2f0ecc6da6886e2380e214233ba9e4e5ef701394a2c5b84912d0e31514d3b666baf9770bd4b8578d28b1585b4758e2c76c2ebc6e12c6becfbfba250011383e090b48d5a5059526b5055d8d3ecf62c730a654c7673412356bbb8590aae1f37395c2c8e70d63aec530de44c734b18d75d55a7c4c7e60db11be9d167ae4e2f0ed78d67e0c7fd00482490a276007a15ac7422fb68a3e505ab9b3ae8cb7d0047509aec01e76216a8c41272db645ccbc322ec0e409bf41cbecb58e88148d802be64e28c91c1651d134e0d28d82d81845f649e1fd94e64e08c71c1e7b6ad4d3844c3eead99a71d824f0ed3d02be60f046306133136c8b8e13383ab56cd94cdbea0293c333f0853995c11863864a3ee1513e8251bb345b9753b2fab4282a285862710dfd14e7a0bad606bf87519661e05bef15b87022eb27c13188e988ff0052d738dc1534f2fe5472c66471c3fcd217d512c70ff367e2865d6dad7f5338b75d748b9330875d703aa4baee84f617255143c2758362748ed1ad17b2a2cc5a8def918c7b9ee67402f740aa317a6f1af7d5d655411b74683190d3fa25ca45365fc63362b86326a6964a6ca7300f1a3adf0585c5eb66c41ed352e639f10c99983757317c679cfe5d2544822ed722ff0022846a411a1bee92d82d8cf0fe4cd639475095b532456c876ebdd4b05d8f7358ed48d1a7648f8d8e665769203b8540a635b9677731a32bf7b0ea924a994ddaf176ed655c668a5396e083d55a9656cecce1a1af03cc02a2c860ab9699f9a291cd1dba233458f35ad0cac844d07de037f8a064319a904dfb246bda1c2c32b4f742d20b4dcd2d6c629c36197c541b86b8eac0a8d4574b0cdcd1e807ca6da81ee81535436036d631be769570d44929f2b9b2348b82021e25e85dd89473b1ae9874f5b45fe4aa3c504af198b246f46e5d552b0923218e113c0d5a0e854525256dda3c1c81ddda0a228b35147841932b5ef85c7adb629a30e8d92678f17666034b877fc273f06c44c61f52d6411b868e98807e2aaf859e090c514d048e78b68e0490ac89b46a7871d2403c3ba6648f945f203b2d7e10c97c5c60b2c01d4af3de0f9047c494f35530f2984b4db626cbd9e9aaa82a2368818d0fcd623a8d55fe0edd3e63557008b0f9414271c63df4ee0c6937459be91d1325921630f34b7e694bd993c79b8dda8f3ff075009fab72e34b51fe595b8151869ddccfcd219b0eeecfcd37b3bebcf9ff00ea61fc2547e029869ea07f8656eb9b877767e690c985f5747f9a817fc84fff00530b92568d587f249e7ec7f25b57c9835ece31fe6a32fc0fbc7f9a1c0979f2ff00d4c6d9d7d927d65bd256c49c089fb9f9a4ff00a2116059f9aac27f35bffc598c21e74b595fc2f319c7b2d03a1c18ec59f9a7c1061a1df539737b153009f95ca39c42d4da4407b2a18fb4ba8ec1118400c162aae2ad069cdfa213cfd7fefa6264a4909bdd426925ee8d3c0beca32d16d943d1c64057534a0ee9860947545ded17e8a2735b75633414e824bea98e8e46f7455cd1d937283b850aec12e2f1bdd3a179cdd51430c47a04e8e9a1f6560b89573e9645f03fb56aae6962f644f07858d945953325c9a8b34cc1f54155947995b03ea9559374270a3f7b3c6594607452b69c03a2b463b0d9265f65f4f491e21ce443cb680bb2a96cbb2a2e80e4c88b5759485ba26d95e9348c84d214a5348ba81263128292c42ed804125d045bc35dff0058a0f7987ee17a7e30db491fb85e5986bad8cd0fff00587ee17aa6327eb221ecbc3fd5565a7a7fa5fa00ce2f30f8abf4d100f0feb654de078960f744a16dc0f72b8333b77c88714a8e552f2da6c5c506abad3050380367bc651eea5c5a732d736169d06e8562f2f9a28c6e0a4a8989b19356be8b03708c5a6a99396d3fe9ebfba165c218c64759a4f9bdca7e2d2b8d7d0d3ec2184c87e24ffe1520e05d18bdda13947103a683068cd5d6441da34799ff0000a0c56ae4c4f147167d98f231a3a057696f49823dc3c92d4e8d70dc0540b8d052baa032ef1a47dc9ee92df631474a78c554184d3b21033d49ebd82154584e278b3f3c6c1676c4ad570ff0bf8e98d6622de64cfd7cda80b7d4786d3d2c6d63216003b054ede3d218aa4fd9e6b4bc1d58c21d38bfb00b4987f0f08c0690e02cb62d81a3a0fc9482303a24b94a41a8c620066091866576bd8d953a9c21ae89d1c84bdbd885ace58eca09a94385ca0fec825c7f278ff1370672478aa3b0d2e5b658ee64d0bcc6fd0b74217bd62342d929de32af24e2bc1f9133ea1ad0db6f6eeb6d1772feaccd7559fd912f0ce2e696bd84bb2f426fbade54570a6aea59b25e0aa39743a027aaf1a8a52c769a11aaf43c3eabe95e10a88c39dcc819cc61075691aa2b6be32d45f8f6b46b27880779750aab858ea9981d79c530082a2f77b3c8fef70a693cf7e96568f4544f94484a68d53ac9728b2335913bd97029c59d9765b2858bba51a2e0345ca0271d9313cfa5346e55e96234f994dd1440755283e550064127a974dad31f82578b95d2ff0077b1ecac8d741fe1016a7d3bad2bb62b37c20db53fcd6964f49468f2be67fa18dc6ffbd9f8a1aafe367f9c3f143495d087da641d9975d317028cb1e0eaabe22d91d87cdcaf586e83ba9fa5d0ac6f18185527303733c9b3553f45300d0f1452d3b5d4988e18182c47320932b9a7bea0dd09c4eaa9aaa52f89d2163bb9dd56c4a782b6a4cd1e60e9079c3bbaa391cc24075bd96497b145911b5e747387b2904316521ee39ba0b59566cd768cd7ce3a853039c79f5bf54257b2391859a3f63b382707b5f1e493ed3a382e2d7b7739d9efd133977be51f353a2f191c8d2ef2bb71b14d6b246b330171b14469299f50e02c6fb6ab4586f0e39e4c73c458d935077052a56288d8d4e462f25c58ed74d2db1dbf35b86f059124ac22fadda85d7709d541310c048b5d0aba2c3f826675a1ede9a152c6e735ba39c1bdaeaf7d155315cb99a37bab0da2919691f082db5c80dba2e6980eb9229455f242cd238ddd8bb7565f8a5680d311cb71a75d54a69e125a59002e76cdb00a6ad6c7474e3951339bdc6b645ba534ff002549439d52454cc6790b016b7a3491b2661ece4e251b9f7610eb923a2bb4744d661cec42a5de62e2466ddc994a5ed63c6563dd51b3ddae5f60ac034fc3df474981c8d6c4d7d4c933af33cdb28d4dd368f8fea682a5f46f85950d89d663c1b1706eff00b204d9e5a3a2144e8dd1897d6f3dfdbf556a2c245055d0d4b834c121058e3f7bbb5560519b5d1ecb85627063187455b4e486c83569fba87f11bcb29496ee7b2c070ce355786d473a371e43cddd18d9b63dbe6bd1aba6a59e2648e2dc9280e17f742976747c0eacd30a6a241d5eb854bcfde705b2829b0f70da3fc9455787e1e5b76b631f24dd3d2c7ca86e389946ccf22f9ddf9a7895c7771445d454e0f96dbab1060d1cdb10a3344adad2dc0197b89f525cce3b95a31c2f9b50534f0ac9d0a16857f2e8000bed72975ee8e1e179c1d0849fd9b987541d93f934301e723ef144f0a71338d54aee1c9fd95ba2c2a5a6901700abb1575d538f468a1f404371f798e9c107744a11e40a863109958db8b854cf3757ff00a34cabab5db58a8dd5a7b2befa26fe150ba85bd959e8149145d5649f4a8dd524fdd57cd137f0a61a26f65617228f893d930d51ecae9a368e8a275203d142f932a9a97fc12c750f27d4a57d09b68923a0901d02201b91209df61aa37813cba4d506f092f646f0285cc782e0a196e72e26a47d97c95493d4ae7f85f254e4dd01c48fdc79811a269668a51eeb97d2d3678c714cac5965d954e5a9845ba22d16e04796e130b7d94d6485aad30783202dd1372ab192e9ae600894898562d4d3ba91d60542f70051f581c7b27c36cec7a807fdd1fbaf55c6349a2ff6af27c24e6e20a1b7f9a3f75eb38d7dac5f05e13eaffec7a7fa5f4808e6e6ac67b0fe8af4525a62de8d1655d91e6aa04ec06a9b03eed926e999da2e048ebdcf58144867c49ee37362aa55c62a3152db68d015aa0f3620f36d352ba9a3e74f5135b79728f91428cec018a3c1c7272768a10c1faaa14ecbc91b0f536bab789b735555c8e758e6b7e41538c99312858ddb429df8033b35cebd44cda766ad89ad007c9455110a9c5994c05d9001a0eea4c05dcfabab99dae579ff00da3ff0a4c1632faa92670d5efbac363c66bae26cf0da76c30345b5b044c3421d0482c02b62559d319244fa25b850732e9439168184c909b84c0e5c51265615ea2305b758ae2dc11b5d46f7c2db3c0d4775b8945da85d6c26fa0b82854b8bd199c961f3ed440ea6aa746e1623a15a9e07aa0cc45f4521faaa96907e242938f30714b52dac89b66b8f9b441b0395d16274f234ecf02eba4a6a55e9878b84f0da707ba4c3f15c430695d6b3f3b01f75a396303ccb3f521d498f51e2d1f99a4064bf0beeb4d334325733a744be5a76fc39674503bae524ad01da28ec8b4eaa108489d649646990e0b8ec96c96ca1066e134754f704db28413ad948132dadd385d420d76ea398de12a52a29b488ab447e8d27098b53fcd68e4f4959fe1516a51f15a077a1c9a8f25e5ffab3118d1bd63be28692886367f9d721d75d087da661dd1726a5051e02386fec80718514d2e1ac960667e5bf3387608f5d475441a299ae366f2cdd535d119e50f9fb346fba46c865394dbe365d20f339acd417103df55a2c27852ae4744f9c06b1c2e0058a72499508393045350999fae6cbd6c8cc1c313be36bdaef56cd2b6f8670dd3c31826c7e489bb0c8dae041b00161b6fcf4746af1d67679d3386e404b5ed235b5829e9f84ddcf0d71b83bd96f1986c6d7026e6eafc34cc6b859801eeb2bf2643ff8f1402c3f84695b4e2ed25dd11fa7c3591c218e00e5d876571adca0580f92703637294ec6c3504884d1c66c4300701b85527a4a520996c3e28a66bf4504ed6c8087341081b61248cd6218761ef85c18f8ee3dc6a83f2a927872b48611e5363d42d5cf414c4973a3171d90d9684c52b6b23634b23d4c7b665719b45382667ab306a08e0e6b8bf9c7620dac84785640fe63e192536faa6b87a8f75ad34f262d5ed7642c8c742afc987073db210db374d9698dd82274a679a638276b2384b7246d6dcb4773adbf556f0ba58a7a38ded7799bf68dedd8a2dc5187c2449d081704203864ce63086e8e61b39decb7427c91ceb21c584316719f0c78394c9190e06daf6feaabb3166cf87c74335c72ded7c6efc0410548ca963e478167e661b8eeb3f5153cb9eed6d80362d3d13449a83884104d9e168e5992ce6f628cd562724d8644d8a4bb586d981e9d179dbaa1cf73c97583dd9be056a300a87d561b3c361e400843bc7b3b1f4992f9d265e6d6d4c67cb3bff34e388d511633bbf35584521360c374ee44bfe5956ec3df2ae9fd133710a966d2dfe2afd1f1254d39d6c420e58f6eed2136eabe42e545562cc369071a800078b2bb1f16364176d979f5fd93992bd87caeb2af91330cbe954bf48f413c4af3b345927f68a53f707e4b190620e69f3a274f551cbb142d98e7f4f847f068be9d94fdd0ac43893e77004590aa78733414429a1b483442a5a73edaeb8a781e8bd1baad883ac003b2b517d900a9626d2e1a23670aa797029f232ea23233d973e99c4a61a57043a76d35838bd87a851b9cceebbc395de18f72a697cd22179692a325aac1a7d764c753e9b2bd2fe545733319ba5654b336ca0a86161d9431ee8932fe4d08f886db645f087879d167bd91dc1375667be5fd4d09d23555e3556dfe854de84e343ee3cc972e5cbe9478c4c50534ea9415c5597a3084d71b291d6eea3245b70ad11a1a6403aa8259c2e981b6850f9dee69298920631d64b24e1577ce0955dd2129974b9db8698d4905b037df88283ffac3f75ebd8cb4f888bb655e3b817febf87dbfce1fb85ecb8bdcd4c43fd2bc47d525b69dff000162064832c723869e52a9d38c940e3d034957e76fd439bddaa8b872f0d9b4bd98570e47427db0461773505c468584a9a8ef15233a192627f54cc2185d0f32e7ececad491e5820007a5c3f740018ac76d1d64ad3f7e7b7e8141873c3b128a422d6b8fd15ee2b83975121d8e7cd7f90ff0084328dce3539ce9a1b009ebd0b7ecd9f0cc79301aba8eaf7c847e655cc09a72023beaabe0978b85daceaf6bcff00ee2ad60208d0f75cebfb66eabd1a18ae55b65d4714760ac359609090d6c5684e5c004e16460339aa4b26250eb2240b14b2fd1579a9f3348fc9590f17e89ce74605dee000f7579a0f2c30fc5f83495b84cf186de468cc179561cd31dddb3a370d3b10755efd5b88e1ec8fce4381d0af1cc76829a971faaf0473c13de48fdafb8fdd68a7a8b4c5cbb9266be38d95985825be6001b1eba2275199d0c337716285e02ff11854009f3905b7f708dc204d86b9a479e33aa084bb37512c92283882986c53cd93095a0edc7b3975d215c890582aeba45c8898238e89a9494d50982a704d1ba7f450a635ca29becb5529dd4351a4655a235d1aae15feea3e28f49e87203c2a3f921f147a5f43be0988f21e5ffab3078d1fe75df143eeafe347f9d77c50d2eb2e956ba330fba50545992829985126655f116ba6c36a6261f33e3362a64846605bdc11fa299d1660787f0a3886254f139970c96d20ed62bd663a3a681a031805b4d160f858b69388fc236dac8e0e27724af44b5815c4f224d336f8f1fc8d6b4efb04f1a9d539adcd6534718b6cb9936d9b93e88c37b052b187424e8a40c0360b83754a410e1a0b05d7b25b69b24ca559435cf2d1a285ce73b6ba9cb6dba8dda6c14ec857e5c8e3a9b048e81b21cb9b752971769aa7c65ad3b6beea163a1a58a18f2b45fb950550635a467005b6014f25472da6c85d6d5b5ac171a95341cd3258e5c0a807ce329d0acd6161a2a1cf0e0d36d41d9c3b23d8cd464a8717b8589d7e0b2f58e34b55901d1c2ed2babe3fda733c9ea45474d253d63da2ed02e00beca0a994cf1c6f701a795c475b14b3b8be5ce77ea9d5418d8630cb06b8dcfc56b3215ed9480d2b7ffc3ac3dd5b354bdedb43934f73a2c081a072f60fe1ed30a7e178a6b79a53bacbe659f1d7c8d7e2371b3506998153b750d095d83436b86857331ee943dddd707fe42477d5d6fec095382b4b4d9a0fc966b13c2a5a73998c24755e805c7a8556a618a516734593a3f505f93651e74e0fb3cd2eb815a9c4787e2909744329f640aa30e9a99d67349d775b2abe33f4cefd3e5c2c454ba92295f0b839a4fc2e9ae6169b10a3beab439b89a5a52586df87ebe0a9635af70cdd415a86c51650596bfb2f24867920787c4f2d20f45b9e1ac4a5ac600f3723429919ea3ccfd47c2943669f46b62166a8aa5a1ca76fa155ab796147bd1e52beec213130f451981a7a051baa1d74d350e4274d3649c967648616fb26738948652a13447423a009a616f60b9d31513e72ac2455aaa4639cabb686205754d43b3e8546c99e7aa243d66137836045f0a88308b20f99ddd19c249245d108bf38865e0e4551eaebfecd527ec551c987dc7986cb8b8050be768eaaacb556bd8afa628b3c5a2eba56850495210f92af5dd577d55faabc483506c24eacb755178ed75429f393d4a8f984f5285cd21f1a43aca86bcea536781b236e0a0cc9dcd76e55d82b7501c74551b53e8a75b5e88e7a6730dc0558820a36d74730e8541350879bd92e70e5da0a33ce98de1e05dc43879e8261fb85ecd8a6b55191f85790e0113a9f8829011a7345bf35ec388006a59ecd5e33ea51e3676777c27d03e76931bbd9aa8547fe912fbb48451d1930c8e045ed654aa18061c5a7537d57124cde0cc320e5d0e6ff0040b0569cc2796db5ed627d9750b32d33ba0d82b34ec7398e90f427f21ffc20d04c3f17383b1230fe26023f54370c80c988c71752c26df97fcabbc48f1518e53166b9881f2b944786b0c3262de20b6e1ac207e6131c92882a3ac3829c52e16c81a2d92303e675feaae611142d21ce91bafbaaf88bf2d33fbbbca165b0dc2f1f96a5ee843b2e6f2ddfff00958dad66a8bc587a80742d161236df14f0f69d9c0fcd79ed45271240c25d03df63f75c0ff543e4c5388e91f99d4d308c6ea957a1e9e9e65b7c0241385e6b4dc65559f24bcc8fd9c0ad2d0e33e21ad264cd7413581a5a6a44a2dba8e4a96b585c7654e397332e0aa788cb2322b36d7720d27123c4b8a62a26b803623b2cdcdc4589e29372e9a1796bb4cc740a863b3d1e123995879b33b5647bacb9e2dc4df208e9e4e430bb40c1b2db5d2dad1139a8bc3d470bc1a69983c6ce00dec0eeb3fc75844187c9498852bae23786bc7b5d6464c77886196cdaa9df945ae2e51538862b89f0fcedae85f6680e0e7b77b22f8f8bdd294b4d0f0d1b366840d0383dbf0216aa96ee73acdd1e3558ae139888a09f537f23bdc7ff00a56edd1f25ed7b01ca7b2466486ee760baca50c91d96e355508211eac607441ecb387541e56eb65a22cecf8f6f28902e4e26c9a8d1ace484a55d6ba32c61d9204e70b04d50b3827a684b9b55650d3ba8a7368d4a4eaa2a8fb3508fd335bc2e3f926a392fd93be08370c8b51351994fd5387b262f678df2ff00d59e7d8c9fe79ff1438957f18fefeff8aa057521f6999889c0a6a547841d74a0ea132eb9a6ce1d94c09191a5aa30718c61a3d556d69f990bd59ee1a93a0eebcaea291d071cd33c8b325aa8dcd3df5175e8188e2518cd0b5c34d775c6f2a3d9aa89e05e370cb704594826686eeb15fda76d33323e46e6f62ad52714d1cc796e9b52b993ae46b8d913611ccd2b83da5d64120c4e9dff0067335da7456e2aa0e768b3bd5ecd0926ba08ba66b744e12b2d7bd909acab1136e48b5965318e336423930662eee995c1cc1935146ff9d1136e60ba825ac81a0fd60b85e4bfdadc5657de269041e9d5588718c7aa240f109d7b80b47c18847ca99e88fc62181ddd4d4d8d525502cf4bd64a9682beb2cf9e56b0f60af7d0d514cee653ca1c4ee129c5218b59a094e63981b8546a1b9c9d1751caf647ca9af71d574ad25d71b24b43226278ae9dd13733468752b255550ea80d2e3ab4582f41e20a774b492003368bcda539642db6b75d5f15ae38733cb8e4b4424dc392b9c39397dee9a2e0ea1738ded65b34c2870b3a306f62345ee3c274cea6e12c3a27b6c4c61dafb85e2b8652baaf13a6a768be7900b2fa16a591d2165336cd6c4c0d03b001733ea5fe46df0fb9909092d64a248cfde094969d885e5dc70ecf6869d54136daab36d2eabcfb59679b0e3d951ce23e0a29e9e3a86116d4a7bb74acdee8e8bdd6f47c26e2fa32d8b503a0f334688310b7f534ed9d84100e8b255f863e190e41a2f474790ae8e1def0fca525c640dd96c782812d3f15907b4b0e570d56cf82db68efdcad95a6983f546bf8ed9b866caad5c6e79240d15b6eca1a89dad162b49e06a7ff006029d4eeba4e43bb2bde22221379d1774387435948c2eec9392e5779b1f74d32b1597a517c4eeca0922711b224e958a17c8cdd40a200a9864cfb2e8617db50884d3c59ba2e64d1586c890ec29f2df7d91cc21845ae15133448ae185afd42b33ddf68464f42a8ed4156e51e4551ca1cc87b3c4a5aa3dd557ce5ca12f2530b8afa64a67998d690e7484a6662521d571499498e490b7bae4d4a97ecb16c96e46c9002740acc34ce710878bde8194925d92d248f0e4661bb982ea9d3d29691708935995ab52d4b0c92926fa1d410e6c6a8c8d2d2b75f9af50af3fcc8693639579ad0383715a3b9de41fbaf48af6935b700db2af1df595969dcf03ed2120081c15494e7a570681bd95f900653df2aa3092f8a4664b0be8bce499d322644194d66ea4a92aff94c21d73673996fcd596c61ad6f7010cc56a2e7957be5d4a5b6431f353f3f11cf71684803f7feab5582d31a685cefbad6e87ba154348f9aa0ede77971fd1689c5a21313740ed0a16f438a04e28f3f53193ac8eba0ff00db28b04cec779df7d02b9585d518a16b2e5b136c2fdecb272f06e2388e20e7b886c6e37bf6521c7764c6cb52e8b55ffc55c52473853c3146d70b6ad3ff002858e30c76bef6a867905c8c9a2d3d070461746334ce32bc6f986889c5c3d830168e99a49dc86a77cd52e9216abb1fb339c3b8db31594d26230c25c746c8d162b574b83ba8a7d2f90ec0a9e2e1ac2eec78a16b5ccd43da2c56821a705a2e09b0b0bac96c949f46a87f55d89474e1cd1faa7d6d131ce8c16ab74b1e42ae4b0b6465baa0511529e33cdb10e06662b89cd5b5f238b0bbc8c61b0014d4fc1f835234b590068dee4dcadc3a84e6bb4e9d928a4603ab0128fe49e6683fd1f6c03438250b627363a66b89dcb829eb30b864a17d3f2806b9a5b6b23f1c4074b2654c378cd86a85ca49696a51de8f29c16176198856d0bcfd93b3301ec56fe927cb4b1c8e1998e1d7a2c7714ffd331fa2c448fab97eaa4fcfff002b4785cac6b5d066cf0bf56266fa6325d849f0892373a2208ec85d4c797702fecaf42e30bdcdcb6baaf54e631e7cb7046e13a1ec7f8d269e029e45d314ee8a22ebe62a2700db809c8ecc65a30ae092f629118c15e9ab8ec942a208b972e565e0d2a298ddbf35228e7d1bf35653f4cd9f0d0fe45b745a5fb171ec10be1b1fc835149ffbbbfe09913c6795feacf3dc58ff003f27c50f72bb8a9fe7a4f8aa37baeb56bfa998e096e91726e10e5c3f45c90954d168af574ac9ebf0c79f532ad82fff00dc14d8c53d253cef648c95f23cf95a0d8952d3b39b88508b5ed52c3ffb829389f0835b52e05cf001dc745ccf27148d35a3155c70964ef3246f6b86ed12dedfa21cf75267fa8926617ed996cb18c0a26f0f3e970fa48f3b082e781e7701bacac584e27894b0c2229a41180d6ddb60d6df51fbacc9c4a719264f86d5cd49389a3a8e6b36703d17a5e16d125331e0921edb85828786ea39d24595cd730031bdc3470ea17a860d42ca4c3696323ccd89b9be36d5737c8e2df46fab52ec0f8c413ba95c5b1dec375861843dd3932b6fadc93d17add5b5a63ca46eb318b602e92374b1bc060d5c06e52eb9711cd72466a929e32f772638dac67aa79346856c5770f4163578cb9eeead81adb05d4583f8fab63eb622da38cfd541d2ddca838da9aae971f82ae8808a06d388d858d366ea6fa7cd6d828cbdb32dadc7d0529eb386eb6f1d0e352c729f4f36c943b10a5a8e4d40e601e9919b3820bc3184cd8955d44f5d119a23110e73c580371a8bad0e1f85cb4cc34d9cbe36fa2e6f649ba318fa194ca4fd961b3bdf6bb5593ab0774e8691cd1670ba9fc3dadaac8686c135d097d1cc40fba579554537d6485c6cecc6d65ec38953b8504cc6ee5875f92f1e7c524955287482ed71dd747c47d1cef33b2a10e687122fd3557b09c0abb1ca86535044e91cef538ec132970f9ebb1065242dbbde75f60bd7b0da4761780c58561edcaf2db3a61d09dcfeab45b6a82e8cd450e7ec17c3dc0b84e0d8ad25455e321d59090f74176d95be2fc5eaa971b3ca702d22e80d56053d0626e01f9c9198c9dca298860f5589b69e460be56004fc9647646dfeb23d0f89e2575494e4fa060e24ae075015fa5e22aa7100851b7862b011e40a466035d1bb48c5954bc5a9af47566fc67e9866971c6c8435c75288735b236e0acbbf08aeb5db0d8856a85988d33c365849d775c8f2fe9fd6c0c562ad771619736eb9a1398c95edb96593c4327e12b8ee8b174d19f9c511b8d8582a1531b64693617445f13c0d186ea9be1943adcb2b5f8bf2572f436ab9465ecc9e251864a6c16a78347d57cd03c5f0da97c99a3889d568f84a9658a10246653eebd556f924ce8f9d7c65e3669b003cb7427157863b5d2e8cb7d2b3b8fbcb5cd363ead9324cf23e3476c18d371ba76aa7a385b2420db75645281b842b4d9278f01f72b8abc69474093c284780f2283aea192e01445d4e1432d28ca54096e99f9ddf596ba7c4e160ad4b421cedc27328c340d958fef0ac35768b45848b30215e1074b23586c791a88cd7bfea5d97d0aab82b737a555700a1ce81f3e244ab97d29a3cf885225b2eb20712c44e6b4b8ae6b4b8abb4f4d7b2151ec194d450c829892344520a6b01a2929e0683b2b6d600344e492314e6e423581a12b8ae29a4153459d4cfb63541ae86668fd57aa56dcd69009b00345e5f87c3cdc6e807fde6fee17a9d5585438f5b68bc67d65ffda7a2fa7fda4150ed0301d5323b0616802ea27de47b866b5f453b62e44035bfbaf36df67548279792d2eea50496332e7cc6ee94ea5139497bb5d9509a76401cf3a81b25b61450e8a36d335ad8c79d74d336185ef27403f55529aa1f2bdd349a5f46aaf89d4864623d2c4dd0b1b15d8ca219beb1dea91d7d56828230f76a1666279151132fa86dc85a5c35e775965dbc35258830da0a7940cf134fc94acc3e9e2f4c4d1f25242fd029b383aa35146793969178665b568485a1bb290bd4124ed6fab751a445ac56bb2b91061ccd1642a39048ed11380d8593222ed439d61aa88c8175597c6d7168bd85d07662b1c8e2d26c41b6aaa6f01ae3c8302768ea98fa86b811743cd40eea37546ba14be7a3a34e332dfc48a70fc01f3b46b1bc3afd90de17c643e38e395d620794945f8f2669e10ab27722cbce301ad73b2b5a6cf8fa7b2d3183955a539719f13da596a9883811980d875552b62735836b2158262c5cc631c6f617bad1974559101201f10a425f81b09709699c769add464dd1caac298d05c0d801b20af680e201d96a8f67669b54d7446522765485a8cd5a869d42ef8275ac93aa12fa1a9425b2422cac8348514d7207c54fba8a602c3e2aca97a66d78745a81a89547f777fc10fc005a859f0442a3481ff04d89e2bc9ff5679c629ad749f154c2b589ff00ea127c4aa9b2ec56bfa88c15714975dba61054d5c92ea9965ec1e2e662d4c37caf0efc9696b291b20713b940f86da1d898791e8613fa2d19905bb95c2f3e79336d0ba335e1aa60796c6d758fb29e9e0acd8c8e634ee36459f9af70131b1bf39749b00b90ec66cc4576d102f697b8baddca2d18b0bec0055616973afd15d11b8fc1076c2584521cc352a17c01fe53b152cac2c75ca8f99e61750205d652d640f7185c6460fbbd6decaa3f11a8780d9e9dee03eeba3cc3f50b4f244d99808bdc7550f28ece683f256a4d0388071cb57545ac8e1746c1d0b6c113a5a2116aeb971eaaf471376b594ed6b4696535b07d7a2bb698db4d4269a7b6a42ba2c068a19755309a547538918e639a2ce16d578ee31873e83892a6174637ccd1dd7b3b8f9480b23c5586c73d4d3d635b693d2fb750b451670156c39e01b08a08f071e36a4013bda5ff0001d96a386f1d86ba9dc39595c1e46db8babb2e1f4d594b4cd2c1760b7c459556e10ca0ad3c86e563883641659acd14c528e136274cc73247480ddde9211ec0e8db16150b646ddd96faaa46213d5450bfd205cab7518cc14afe538801ba009b4a5ba0dce738a84420e8233b3527222eac0860e22a5b7ac7e69cdc7207ec415a9ce2bd98dd1e420872233f705921a5888d5a1576e24d70d764ff001cc037083e7aff002c5385bf9256d3c605b284bc88ff00085078f8fb84a2ba33f7820e5495c6d2634f1937b04df071bb5ca133c6463aaef1f10dc844a54b2b2d1c68213ea604f8e96387d2d013062109ea9f1d5325759a5322e3f809caee38fd138d954a9a26551f30055bb68a27cd1c445ca63426b9493e8862a3e50b34a9392e4e1531926ce053f981daa9d0c72b084c257721ddd4b9d7671dd595ce64069894d7525c2b225097981513e4b103ce18d79d927d163644b98df6499c1eaa05f35a0efa32daab94f07286ca5cedee943813a2bd02564daec64c3caab10accc74b2ace2a8a81f3daeb295d1dba26597d41c4f3fba36c95ac2e3609cd61255da6a62e3b2ae254a7c511d3d313aa2b4f4f600d92c34c1a36565ad0d1ba9e8c539b62b5a027744d05381422ceb05d65c345ced95168bf80b5a31ca424807982d7f8af40af92f526c45acbce7042e38ed311a96b815bb92c642e26f6f75e27eb2ffed3d4780b60746dcb77dc5fdd56adae73464ce124f5ad8d8401e908249217b9d2bddb9d02f3a75122c4f52001e72a99bceecc6f93dfaa8c35d532dde6cd1faa7d4d547000d6741b2ac0d744af95b4eccc4dadb040c4be2ab5cf71bc71ea9988571716c6d75e47ecd1b955abe66d15308a27de57faecaf8693924cbd4b542a6b5d30d3a00b53874d662c1e1cf7456cc6c4eab558756831104acb64319b21da35b0d40b0d5586cf74061ad6d87994c6b9ac6dcb92fb29c10567ac6c2ccce3a745529e4f1921713f043a293c5cd9dc6ec1d2fba92ae6968586a29da5ed6ef18dd58389055cc30c81cd57a0ac1975bdd79f55f1d92dc8da57078d351b26d3f15554adbe61f0011f7129d5c8f4792ae3235769d6e80e214b054e7313b29dc11dd54c39cfc4f248f7bb2ee580dae8b4f4d9007319e5b6ca3fec028a8332ff004b49412182a6f7e8e56a2c4db35dcc3b6a428719a38aa5d92c3983502fa955b0da21031c5d7f76dd2f835ec7eac0471f554b270fee434cd623f25e7b4f2be9a56c8c25ae5bff00e22da1c06922fbd3cae75bae96584ad89d1981ff0075ecb85d8a12e1872af6fe4d35f8662d14b0c72c6e73256fa9bdd69a931e6b435ad2e27a83d179752cae8dd941b66fbc3a2d1d0573d968e671888f4cb96e0fc567b6ac7a8d154d49767a7d04efc469dd624e6043555383570de31bf74ee16a89595439d3c4e8b25c165acb586b694ed3476ff70455b4976363e4ceaea28c89c1eb7fcbfd534e115a3fc3fd56c455d29da467e69de229cfdf67e69aa4bf61afa85abf0620e1759fe4a6fd1d560fd815b913407ef312e783fd2a6a0bfe4acfd185f03543785c9a68aa07f82e5be1e1adb31216d31e8d53517ff272fd180f0b38ff0005c992d34f61f52edfb2f40e5d393e86a4f0f01dd8d2ad345bfa9b7ed143030e6d13438107dd5da9feecf3eca4646c67a361d14758eb52c84764e8aece2593e72723cd31277fd424f8aab7bab1881bd7cbf12aa95d987da08ebaeba66abae51907dd25d25d21545fb0df0de93543bb31180eb9bdd09e1e8a4104f2dbcaf1605150d200b2f37e77733a142c44cd1a05cf37047b2461200baad8a541a5c3a79da3316b7a2e62f786945c8658c585ecaeb656036bac060bc510ce668a73cb922376663ea07ff8466a38869a1c3df54d73a52d166b19a9714cf8e5a1b4b34d34cd64cdd0a1f230c530046876586a0fe244c6bb915348636175b5d08f8adbc55d0623035ec78241be8aacadc7d810d6b4bb19d3b253b6e92c40ba426c9610b7b14e0e480dc6a909d2c142b0767b754c2e04ea54323ac5465e46c54d28b008d0a01888e7543d9720b7d28a788ca0dd079e473eb1dd03b4ba340b0a51e57866571e691b2b66190ca5f3101ade814340f6c71b5a0071db35b5449c04800ebf9ab4b585b84387c4f92a9f3385811e5bacbf1061d515988bc35d95a1c56e694332388d6dd020f5cc6f3c9b2af26d74d7a8bf16dcb34cb5360992d9c927dd15868db16cac95cbcf59e6d93fc9d095ae428000b269d7aa75923b459be49bfc8ac437e6b9a4df44c748d1a93a2ad2e270422ee7b5a07729d0564bd04ab6fd22e3f377546598b377fea8557712c43308dc5c6da59019f18aa9afe6ca1753c6f0ae97721f1f11bfc1a9762790db99faa398048e9c9792579a43532731a5ee2ed57a570b6b4e1ddd76eba3e3f627cda157569a91e9016338d2ba7a284989f6375b4dc68bcfff00882efa902fbb82d2ce3fd3e2a5724c1bc3b8f54c95ae6544848d2daadf41591b98355e4584485b88b4775e87492fd5b75e88533ade6d518cbfa87bc4b0ec571a86f7435ae4ae7145a73b8245d754b47de513eb03468e2aa39c7baad33c8695342518965f89106d9928c40dbd481993ceac31e32eead31ad47f415fa41c74ba2341239fa93759b6baee0b47860fab5664f212ce8b932ace5626d55776cad18a07853c0299cab95cd24956e184bada2faabc3cb378321a7d2f64461803007258a1b0d9580db049931329362597275b449641a06089c3448374aa8875d75afa7748535efcad26fad947e82824dad345c390c11679c90e95bfa29eab1337249b041f002e8686aa578b39da0fc9577ce6595ac3addd65e03ea8dbbd9ecfc4ad46b581313bdf4c1cfd0c8ecdf255e49f9af0c1a01a282a6a0be42d61b060ca02a9515c28e2248bbc8bfc172944d6fa0a4f55053461a5faa146a9b5333b2826db210c3578a4c6e32b2fb9d15f2f86823018ecc40b7cd1a80994f04abad870d1ce7343ea5fa477fbab30fab9a5a9cd23fcd7f31f74fc5657cb5ce91a750deaa1a881cd8a1aa03eae516bff00a82d0a1d192563d347404be26b89ba271caf67a509c0666c91061d2cb42291cf60731bb2e7dcbb3af44d3891371091a40d53e0ae96a670dd40bea89e19430bedcc60cdeead625831750ceca12193b85d87dd6751d636522d61f17d5037089ba95ae6d8bda015e522a38830eaa6c758e95b1ded9812405a1a6a6c4ead8f753e22257305f287129aeacf4293d0de2380d1bdce78736e7b05429786e8d8e27c43877d12370ae20e4895920793bb6fb29ce078ebb28320c84d8ebaa0716314d20b52d6d161b1f2a220e516b93baad8b7174b494cd3153f31f2bb2c63a12a7838529e9e78ea6b2a33b5bbb5c74255814345595d0d63e32ca7a4f2c6c23737dd1c567b133926fa0061b82d5f887e255b5264a87fdc02cd68ec89c549c9ddd99cf3a945a56868dac1da80836275cca0a69eae436640d275ea7a0fcd07df2c2d4b23a60f8febbe90e20828a217652b034dbf1127ff000a862b045270eb656919a8ea4c4477041fff00e54385cafacc5df5729bf31e5e6e88e1e21aae16c6a3900e68958f6dfe247f55d482c587327fd9e8069206d4b431a0df70b5782b237d3982a1b768dfd96468e734b525aed35b15a8c32a40b068cc1dae8936e8ea4d6e1d43e0e198c7238e666884f8ca869204a743dd13c3aab310237678dd705877542be9a382a5e197009d972ef72475288c5bec8c57d50da677e69df49560ff0019df9aac90acdf24bf66cf8a0ff05c18b568ff001ca78c6ebc7f8c5500955fcb3fd93e087e82031dc406d314efa7f1103ed50e4aa7cb3fd95fc7aff4126f12624d3f689e38af112ecb986fba10570b666ffb9146e9efb152f1ebc7d1ea3814f2d45036494dcb95aacfee927c153e1e16c323f82b95b6146ff82f4157691e76d593691e655e7f9e97e2ab13aa9abcdeb65ff72afaaeec3ed0075d75d36eb919052bb5d7dd72ebaa269a3c0a7070fe57fa8a28ef2302c952d41a5617df406e42d33e7e63222d3a3db75e7fcd83e4ce8552e87992daa8a77b646398ed5ae1623a28e69e38d999ceb0f759ac5788886cb1530218ddddd572e35bd34f348a3534d8451d6c9039ae713ab640763d93f0471a2ab2e9a48c41a905daa190412d498d91b0bc3da48d35be8965a5aa85ac0e638c9cccb65ab0a56346be2181e2950fb411999c32f307fc22f86e110e18c2d648e9331fbdd179f42ff035962e2d78372b5986f11419b96f7389234ba5591d24678b0d582d736c984590a6e314ee20b641abadba24c9848d00ec7aacee2d17c85b82573dd6d06ea192ec3ba8df36517dd00639ced352997d6dbaeced7ebd146e95a1e3295301166680df9213ea9493b044dcfe66603b21335d9259badb701352e8165a97128b0ce5cd39fab3a13ee8c61b2cf89e573088a170bdfa90b1fc55173387a33da6669f15b6e1e6da9a36dbd31347c345a2105a855936a2c2f144c822c8cdadbf740eb7ed8fc51d36b1b2cfe2133239b52b1fd4a2dd78903e1eca7d10597121baaa1518bc11120b802845563e08392ee2b8757836d8776bf1a73343254c6c69b908456e3d0c44b43aff00059d9f109e7bddc5adecaa3ac752baf4fd2a315b23a55781f99042ab1da89dc446328ee86c924931bc8f2ef64d3bae5d2ae8ae1e91b63e3c23e8eb0bae0c69bdd7269bad6bd16d21cd1e61f10bd3b8545a95abcbd87ccdf8af52e16fee8d54fb6717eabfe46981f2af3afe211f2307fa97a1f45e71fc4376ac1fea56d1e7be9bfec66f00804f8b004ec17a7d2e1ed1137e0bcc3878b9b89e76f4017a5d35549cb6aae8ea799ae65df06d0171a41dd462a5c52f3dea747399cea4046eab4d45769533a772af3543834a81c4a0683cfea530a2b0dd426a5c5ca5150fb2b1dd0e149948374730e1959640db312e08ee1fab2ead18fc9fb49e62abbd589b455ddb2231d6788430dca25045651c31fb2b6d165f50933c6b9e8e0004b65c12a4b2c4b2eb25bae508259227148a15834850c8d25a40254e45d35c3454fd171e997a393fe8f66dc3c920a154d31f12d738ea1c4057a33fc9687ef1ba103c988421aeb826e41e8bc1fd4a397b3d9f8b2da932eba47baa9a5b61dd365a28a7719277dc7648c609715c80e9a9d11199ad8acd691602e495cc3436509010435adc9181b0e887548121363e51a8f92253bef19ca343a055db4a5efe5017ca37f922819e68ced7c4ecee71fbcaee1303f12c0f11a16b6f2533454443ae86c40fff0024b531892395b6d62758a9785ea8619c474f2ca2f0bef13c742d768b42664947b07613566299af1a775e838556364885c820af3fe21a26e15c4d5d4919f2325259fed76a3f744b04c4886f29ced475592faf7b46df1edce8f42ca237895a743d9108650f634dee8051560921009be888d1c973949b00b9bda6743a6119e9e29d8449135e1db8704263c12860aa749492494523c10e0c7120fc8a31138dac4dc286a69f9d770395fdc2356345251f4c8e0a6c669e011d2e2b1bc037f3b1b73fa2b77c7a5b092a2089bdd8d1728248faba57fa0bc0ea1d649f4ccd6b18652423f983752fc06bc21167d7559a8ca6e1b7b0bfc94ed9c5448d8996e5b7b2cf4725756b80e4ba369ea4deeb4387533a1880235ea839b91528c628b13b439be5e8179aff0010b13c91c785c6ef348ecf28ea2dd3f65ea150e64103e594d9ac69738fb05e058d622716e20aaacbf95ef3907b745a3c686cb93315d624b116b0569fac701e8613752e1776c38a33fedb4fea9f81c59b0ead75f5e595630680ba7aff00c3c91fbad5bdb11c7503b14c373d1c58953b6ed2d025b7dd2bb0eacc918717580d1d74668646d2622fa3a88c9a4a86e571ec6c9957c352e1d28962673e92475c586a3d903926bb1aa2d12e175751054c30ba50fe63bc8e69be8b415e39ce009d40d7dd08e1aa330e22d918dccd766606387a3dd6b7c2c76176dfdfbae3f9b628bc4753c68fe4ce787293c3b9690d245f8527838bf0ae6fca6fd4673904745dc972d09a288f4486862b29f297a8cff25cbb94e477c047dcfe497c045dff00453e52680792eec9053b8bdba1f523a685a363a7c146ea30c734827d48e16ff6404fed66d701696e1b1823a2b15dfdcdff0004cc281142c17e89f5ff00dca4f82f5947714794bbfd19e615c7f9c93fdcaba9eb75ab93fdc557baef43ed0455c92ebae8f0a16e909d345d74998aac20ca894c71d8eced3e08f6075c2a30d6979cc61b827a201531788a3963bd9c1a5cdb771aaaf81e21cbc26aa3cc5ae73ac05baae77990fc8eae6c4c7f1a9eae730c33063186e00dd54a4aca082171a9933ba41ab6faa6b30d15959ca639da7a8908fc58250d23193d340c7ccddcbc6eb92dc51b2a8b932b53710454f1b594b064c83caf3193a7c5136716e1ae8b3cf0344c06d9772acd15746f192a226b5cdd2c068ad98a8647e6f0edbf7b6c95ba74e35c70cf54e35865712f7d0ea7ab186ea8ba4a06cbcf699a2f67b081fb2d7baaa0a71929e99ae7f4b9d3f648d826abfef21801fb8d0ab925ec5d95fe8f3caec61b14e0d34ed2d0eb800ad770df149ab8c433f95e0e84ab75bc3586d5533e334ed63ada38058cc3689d498b98dae70c8fb01dc22970944e7cb94647aa67e6345c8546ba6640d1776a4f755e3ae7460b1c2f946810bacaa350e0e7348b6c2eb1f0ec773e8206bdcdd232493a69aa65355174a733be4a887e46b252eb340d40eea0e618cb0b88be5b837b12531401e468a39859daea7654aade219f2022e4218cc44898179e9b5d46c95f5f8902c3a1d06a8f8f44dd0e545332a70860a900832b4fc2cb49813d9235e6278734002ed2865553306192b65759b1b05cdfaab5c1f03e9f0f7b1ed00e724106f70536a8b6d016e70683cfb8693ecbcd78aeba78ebb2364205d7a549e877c1795716bffeac427ce29fb35fd1609dbd819f239e6ef7127e2903adb263922058bd1ede2944797269291729c826ce4ad697bc31ad25ced8049d40b6eb4581e1195cda99f73b0b6cb3db7fc71d335f72ae3dfb287d0551c8ce490eb6d642640f8de5af6904775e8923e30cc82c4059fc4f0f8ea5a481e6e8b153e7b94b19cd8796e4fb33711fac6dfbaf54e1816a4695e5e607d3d435920d8af51e18b1a4690e1603aaebc25c96997eaaf953a8d11d8dd799ff00109df5cc17eabd0df88d1b49673817760160b8c308aec62ab352461cc69bdcbac98d9c1f0138cf581b85a91d2bdd286922f65ba862780065286f0ad19a1a5e5d4372bc1d745a7134275042136df672915435d6f4aecaeec55d12c5dd37991050c8ca2f61ec555a863b21b028a3e485579a48721d558c8a01863b3ea0a9c0361a15389212e530745656370aac073ecb47878b441076ba3be88dd17a02b31f93d4459f750394f3eea0722464acf228ee068a70534374d1280be9ade9e2521e12a68dd3ae806217e697e69a942858ab8849aa5b28160898e5259308544c1f49773648c0bd85d0ba96886aa37e99dd7002d170fd309a5a97385c1665083e2f44e8e6730839c1ccc2bc47d5bfdd9eafc0df891630988be4966b86802d98a6bdc6b2a9cd8bec99ea7744fa58e69b0e0ca769cd3eeee8dee5569e4706330ea0f359d691edd6e7aae2b37612332d4d56560faa8da4b9dd15ca1879913a66820126c7b8d92494f1c108c3e9f5965b67235b046190369a8db13740d65ac8396305c74c3be071c4eba200fa8380efa285f4c5d0f362bdd843c7c917aa69a5c561accbe490e491492d1086a5f1ed13ef97e69f1b0cf280078a836a66a4c499702aa16e6bf470163fb20d048e8de0b4ecb455f49cce1fa88f53250cd9803d1a4dff00aa091c6d9181cd2137534271a91a3c1b1704b58e363eeb554b54d2410bcf994725839b70e1b22d87e30f84f2ea0d88d2f6586cad7e0e8d5379d9e8f4b2891ba2bcc8c48db75592c3b176870b3810569a9ab58f01cd70b9591a1e4c68339d6cacc386c2d1670bfc1491cf1c82f7d54c2500289205b62b2961601660d3ba940681b05073813bae74c3401d6458807acceff11713186f0a4d636927772db6fccaf106001cc77e20b69fc53e206e21884386c0fcd1d35cb883bb96318733627751a2e9d51e3039d64b6586b78729ccb4755181ea65bf744b02a56b2aa40e1f6a1ad2153e14907ff6b858a3b87427e94ce40cb1bf2e8b24e6d336c56c40d89b4d2710cb4e6c6276d7e9a233873e6a4a23cc797b1c6cc6ef650f13d1df1f1e5d1ed041f92bd833e0a88f9339b3d86c2e93393fc0d897b0ea28c4c6ac332e86cdb7744b20b6ca592311c404401036b26358e0d19b75ccbe2e46cae490cca176409cb973da3426465a2fb2690a4704d42fa0b46640972809c914268995a7a26c8c6f974ea9e908b91f14cafee454bd334d878b52b7e0bb10fee4ff00827508fe59bf04dc44da85ebd978ff006a3cc5bf7b3cbeb0ff00372ffb8aae54d586f5727fb8a857a087da8a622e5c57230455c92e96ea10e1ec7e281d4cff0047624f0f1f56f199bdae8e5d09c7a95d3520918dbbd87f459ef8728913c1982626f7e201b27a5c4dcf75a19ea5d166606dd9d0f50b1585168ad8dd7376ea005ada76cd26691ee195c45815e7ae86337d13e8a5518856457920172ddee86bb8ab160e2d2e68d569678a324c4d8892777059d760359513bdc212199b436435b8a5d8e9db3fc04f0dafaea8609a5a937e8d6ecb494f5333d999ef20dbeea118461269fcb29d06d75a46451c7669b0bacd3edf4354de7643cf92380973752d36bac74b5b0d357b64734b9e1f7bad5622e9840f91a3eada08bf61dd622ba789c43cb439acd9ddca6d71de8cb6cf19a36d7b2605d9adad8eaab4b57131e5af9033a0bf5405b5ad6c59cbf2e737b2af535d1c858f0731045ee9df008771a5351922e534e7ea85e218816585eee0e003bb21f3d74ad7ba4648038b7400f4503a4e7faf7249b262af01f91bf413358e9a70d2ed6d6611dd6c786f0a716b6795ba8dae167785f051573b26983b94d37b382f4aa1a57cf2360a6160ddc8d8048976f11a62f8ad91063186d4621c355cca7203d8d0fbfe2b1d4205c1f8f54b2983258de4016b1ec17a49a78a970f96268f2089d989eba2f26c26a4b2ace569e5f35e2fed729fc782155b76c99e890e274f5913acecaf0362bcb789e512630f0352d2415ab8865a80f8df96e2d64238830a92a19e2a282f293ae5fbc864f51dafa7254d9accb149d55e384622357d2bda3bb85824a5a589f5a29e599a5e05cb5a7640a2d9e8e7e75305ad94ae0ec54d0d3cd3b8085849eeb470e0f8639a2e0fe688430d1d1b2cc8f5e84293ae69748c167d6695d206e19803613cea921cfedd9172e68686b05ba68a37d532476512b47b2708de741675f6b15c3f2a173f68e64bcb573dd227b4fc547cacc76ba7cd2b613679d474baae310334ad82000b9df846cafc6f06767f6665b3ca51e90c9f0215edf5860bea7b2294f5506174e29e2739e5a357055242fa736964b01ef60ab3eba224da48c7cd7a0aab505826df22538e489aaf1771399ac75bd858a9a1c4a4918d7358fdba942cd54041bcccfcd2526210f31d0f39a4f4175738bfc034db14f035162cf8ee248de75ea8852d64352ecac710e1d1cb3e25cee25a4d93d93ba2a88e561d76374b499a678d6a3537202e24d925296d5441cc37246b6523a2b1b14582177e8aef2554a97d9855e919a6ea9d453f31a402887462c18c94672adb64d2c142cc39c1fbab6da223aa831a686c2fbc805d6a6887d537e0b39152e57dcf75a5a30044df82230795e849bd4a0729e7dd4077568cd59e5a1b649953d72fa5e9e2f06009d64ab9420965d64ab94091cb972e54169c98774f4d72a2d3ec2b814dca9d910ff15f656abf0f6d4c464eac7652557e198db2e2b0b5c468eba3333d94b34d1bfcc5eed1a1788fabf571ea7c07b599da88677c1e06906465ace72af1c50e0ade447f5939d4bbb147aa29e67d39b8e507f4087617824b254737101a35d6600775c2723a04b82618ea46c9555073492ed7e8a5ac972dfa0b59149581acb76d902c4e56b4f2ef773bf449dd64285544daa8a48af6cc343d8ab742c6e278700e01b2c62ceef7084ba6745312ebe5235f8ab74d5468ea23a88f56b879c0ea1353c42d904d4e1cfaa63da473e0746eff00701a7ec16269bc8f733b1b2f4dab10d4399570383e29059dd2c765e7b5147c9c52681e0b4e6b81ec9f5cba1538f7a1ca28854440139481f9a656618e17776f6498548e612c2ed06c569628a395a1b20b8237b244e58cd15ad46558e9a9835d1bb30ea0a2945c4261203b3023dd2d561fc9739a0dd8763d90b9a9ec75363d3dd062921f986ba9b8a1ba6b7f9a211f14c7b5895e7d4f4ef7c81b948b9dc2d2d0d2b2066be63dca54960691a07710ba4611144e07b9505457d5ba9cb9cfcaa3a76e675cfa47b266206f4f2bfee80857b29e61e538bb8bf139dc4df33aea381e39790e841ccace33165aecc0581175569e1334999b231b7d2ce365d88f7038b2fbcd470ec8e8a7218331d0d8ad6e1ad115145207662f3989f758cc3248a29045cdb9790d9251d07b15a9a07b68e57d04ae22276cefc27a2e7dcbb3a35bd896f1e73cd4d2d4eed7372fc0a920863923b1772e470b836dd5a753c75349e1a62733756bba29a99d0c708a6aa8c070f4c8d1725656c624410e255f87e573e132b3636288b3886926b07b7293d0f451c504621cd1ce0346fadff4422be369249b5efa10db2078fd86b4d273a0945e371d527b21981c65f0191e6e01b0bf4454ae6dca29f46b8379d8c726291c9856463908b86ebac5281aaa2c449f7dbf14abade76fc532afb9152f4cd4510fe59bf051627fdc1ff052d17f776a871636a092dd97b3f197f589e66dfbd9e5d53fdea4ff0071515d3e7b9a892e7ef15195e863f6a045ba45cb91147245cb9421d75ce687b0b4ec57255337a2193998708c51cc6925a6e5a4f445e931092ac073e4c91c66c00fbc54d8c61e310a5361f5acd5a42ccc1552d338d3cf99a6f623a85c8f269fc9719f166f195eca7635adf3179b1f6523b1869af31c76cb1b6e49eeb2d0e34c8e2b35bcc737ef10a076240c99cbb471bbf4eab9cea35fcb137ada88e670a870e9b054c6303c4bf9a72340f2bba15966e3d909f3968b59548f196b18e8e461735e4d9c552a4195c8dbbf156b4b1e5c1cd91995cde9aac8e2f3c2d9a40dd5a76f643ebb147ba30cbb9aeb8235e8a8be7329ebef729f5d5c4cf3b3491ef738070208ec9ac73aeef2d9339674036e815ea5a7748f0c36b94d6f052ed91322718cbada9ee8e60f833ea24123802cb2b54184b5cd687c59ee6d7256d301e1f92aa56c74e1cd89bf6921d00f60b3ce6e5d44db0ae315ca44d81e172d4165340d0d0dd1ef1b00b774747150c022887c5ddd250504187d3b60a78c35a352eb6ae2ac5b44caaaced99edb5cde22a62b3b69b06ac9de6cd6c2eff85e29418ac2da88e3b3b59079be257a5ff126bdb43c292441d95f5523636dbaf5fe8bc7e8983c54234fb46ebf309b28e95458e12e8ddb9ed2c0f6bae5a6ea792591cc734bbdc203526510b9f1922def6569d573b1a0175cb85d6670ececfcba8235157cda3c936adb58db7599a1c1636d649514d31b3f42e23d2170c61de35b4753a667795c89c3594f09b450ba5b6e7609b18e18ecb137db2dc786d18686995e48ea7aa8ea292a69c1929e4e647d1a77524589d3cb664d098efed70add9ac6891b2f93df60adc9a01571b174674b9d592163585928dee88d2d14b0c248713206eaf27409f535b4d148d7c2c123c9b1700a3755bdd733bc31bd46c12e72e7d60e878ca3de90b61a78df9a695d33f73d927d242394c549059ef1abcec10ea8c6e8e19793112e90bb76b54f13f2df5d4ee548ae2b114a31d2d494157591164f26e342a841813e29489dda2250d598cb6291c48e86e9d3ceda8616171cc76d764c8e217741c97455930cc36200ba62fb6e028d92d142f2ea6a4bbba3895463a5a99aab9395c4dfa7fcad151e134f035a659046e1a9d53b9266055cd3075362788b657b4c032f4d174bc47242e2caaa40583aa27518b60f43633481c7ba1f271b60e5c5b2513258fbba2bff0044a9246eae52e38c8a9b8b69fc41640f310bfe2d16930ec6fc746e19aee6edeeb232e29c155927d6e1cd809fbf1b0b7f657708870e86ba37e158a896279b3a3909b81f354d268284a5199a796a5fdd402a24beeac494b2171007555e582466b94a51d3560f64efccac099f60a833303a82ac8769d5594e4cb914ae3205a1a4fb20b314cebc816a293ec4288c1e53e864deab280a9e6f5284a2467acf2f5cb922fa49e38e5cb972809cb972e50b472e5cb9110e4d704e4d76ca165de1b7bd9c454ed60be62b41183575f5550f1e685f94b3b0eeb3dc3971c454841d43c7eeb578eb194756fad8de2373ce57b7f12f11f5a5ff0071e9be9b2ffac6d45a686e00cc5235ed8980bdc0b80ee87c7532d4dbc344493bb8eca78e0e57da1cf2bba3765e6db3aa455356fca4305afd4a0156fb9735aecf29d89d82d0d561e6a416c9760ec1501410530bb466b7de72a44de806607cf1b6e72db473ba248627c21ad95f9a2b5ae06c8ab812488d81a0743b5d4edc2fc4be233b44928d7b01f245a07e4121e294658dce2c71d9dd14359411d79152d169e2f55bef05a0afc2e091821b1ceeb019428be87a8a184cee701d32fb2a53683cd01498731ae64b4fb1d0845a95e5b1861d0853b2112441cc2323b5053fc359a0ef63aa54a4322b047471c8db160703ba175584b9d25a317693f9232199dda36c15f829d8183404a5f36860061c35b4edf28cc6c9cd8a46d8061d4a333d36475c58029f4b4f99d73b051cb42218a02c85a1d704f455b12889a19636b6f708c3e373869d1549e273da5a7b595278c068f2de2581cd745206d811659f0067008d095e818fe1c6781e09fb21e51658291ae6b883bb576289a9470e4df071968770589b551be943acfbdda3dd6a68aa1b89d27985a68fcb25b7bf758ac36a1d4d2c55607d9bb5011f964968abc62747e78a6f537a590590d1f548d3e1d884d4cf1056b0be2d83eda80b44ca46d4c4d7d3cad999d0750b294d5f4d594e1f19b3bab4fdd4530da89291f763ce53d173a51c66bd094b4f3d337cd113aec0289f83be72249267869fba2da2290d6492869616c808ebb853788739d97922e3dd2a51d5d04a5855a7a78e9a2e545b0eea4b5d24d23afe5fabf8851462474ff593dfd8058df8edb1cad4879b9e89a7456a60c7b018cebd555736c563b60e1d1a213e484bdd2a40354a92868d4ad1791a3dd2d9733ed5bf14cabef40c9f4cd35269035418b9b61d27c158a6fb06aa98d9cb86bcaf6b47a89e6acfbd9e6137dbbffdc53139e6f2bfe2522efc7d02c448952144508b92a4565e0ab922550bc385c6caee19c1743c4f4d884b2b1cca88a32617b4dbcd6b8548dc68b53c0b5629f13a8a72331922cd6fcd66f21ae20b3c92af08c5684b83e12403a39a2e1527738bce605ae07b597b3713f0aced8df5583912c6e717494ee3620f707aaf3ba90d73dd14f118a41a10f162b90a41f052336e739c3cc5712f7345ce9d91692863b59adf89509c39a3507457c915f13071deee75cae0413e944e2c2cbdfe43bf447b0ee1a198caf6827b1433b92190f1a526672930fa9a978c8c2ef7ecb5785e06236e578bc96d4f64728f0d8a9da1ce6b40eab4b81e07e3feb5c32535fb6ae595ce53788d3f142a5ac1b80f0f4988bc31b7653b4da493bfb05e854d4d0d1c0d820606c6dd001fd52c34f1d346228981ac68b00a4eab5d75f15a61b2d737d0b7d1269b753b2e515554328e925a87e8d8db72538523cbbf8a38a789c760c398f698a99b99dfee58da0b78f84b6dac80eaa5ad74d896253d5caffad9de5d98f65d4787cb156c6e396c0df442df436badb920e544804121cbb0b001304e796d2e20d9a157a97bdb0499ae2c2eaa4d552cce8e28859a1a2e7ba5aecdf28b48a8d85d598f890805b19be87aad74340f6c777399132dadd6628a2753d5ba499c34370075459f52e99b9aa64cb1b4680a34ccae1af597e6aca6a768653b1b349b6676ca91aa9642f13cb987460360108abc7a1634c74edceed813b041bc5d449521d23c8077036552868eaee857d20fd662d1d3b79718ceee81bb04c6baa2b8092478b5ae1a3642ded6b09d6e4eca4a59dc1962eb6528543037736c6e26c6c530735967385aeaf61d5f9a330b9c1d2375546bdafabe4c51373485da153d3e12e8260f99f7737a3513cc110d53d095e6ad3cb8cea763d914a0a06b23cd552f9874eea2866a6a6801d3311b054311c464ca2469e5b46f7dd27bd3a2f8a8e85b10c6a96869ddcb0d8ac37eb75919b1daec45ff0052f2c61d0bcaa92c8dac9cba42432f7d7aab9454f2d5c821a58cb9a36711a27c239ece5dd772791129f0b7d43c3de5f35babb65b2c3f0ba2f0ad1240c73ada8b05529308979243ea2386dbeaaf5151d3d33897e241d7e81bff00955394507e3d736ce9b87b0b9dae61a60cb8d080b158cf0cd660d53cfa291c583516e8bd10c4d2d0f8ea8903fd3ff95155361aa843798de637a116ba5a926cd36d2d2d441c0bc5adc4e11415e1a27637cae3a1365aaa974006a02f2ac570e9b07c563ad8185b67dc91b1bf55bf86ac5661f0cf9bcc59afc5492194379d963994e4a7f320ec15068b9d14dcb36406a7245d80c4641956829fec966a9233ce07dd69e11f54ace7f94f4865d4a85c14f27a944774484d67962e4ab97d24f1f82255cb9407045cb972851cb972e448b3923f64a9ae3a2a642ef0e03fda0a5b7e31fbad1712d29acc5a36ba40d85972e6df759de1c27fb414e7b14531ba930874f238074b210d24ec07ff002bc5fd6bfd4f4bf4d5fd02503a28236c6c01adb740b8d7d3b5e5b0d891b901665d515734821692d27d47b045619a0a58d8c0017757772bccc8eb17a77974664a99b931dafbea5087558ab739b434af9b27a4b859a4f724a9e4cb520be439ee6d63b04cac8a66c4da564a6181f60e7b05893d9440363b0fc1df354788ad9f9b2ff96c7791bf9688ff0025a351604ee6c970ea38e96959081934bf9b7f9ab3958e7dbeeb752a99115a9e8e16cc6a88d766dd0fc76aa3869dee90e6d3460ea88cf21049d9a360104c55c3959f236473858663d5505b801c0b118e67cb4e0917d435df7568a998d9185a2ceb76dd609b3c74d8cb0466d266f3d8e975a9a893c3c8ca863cb2e05c83b1286700a32d0cb699db00a7641200064285c18ecb4f615901919fe743d07b847a86b6971060928e61336d7201b91f24a716334ef06646026da2e6b1a0650068aeb256b4d883f928a58c139a306e870b4f487966fa05c60d6c5a14f080e6820ebdbb295cd047b8559a4d32159424173dcccc1e482bccb8830e75157b81610d7b97b718839ce639b71bac7f1de0ad9b08755c4cd637024fcd6af1ece32c137d6a71d3cda85f91ee81e6e1db5d13a1ae34cd343537e593e5255296909a46d445ea61b957648998b5032689bf5ccf5342e9bc6605a9842264b0bb3d39bb4f40516a5c5272dd4105ba1056321c46aa85f943af63b391ba3c7a9666da4cd14db770565b29ded1a616fe19b1a2c4798fd03da46c42282a670dd1c5c4f5ebf9acbe1d573d59e5415313b2ef95b677e5756a59668ddacef247dcd9619c1c5e1a534c3d26215194c609bf670b851d2cd50e7e53346d24eb7d5068f1381c445519c77b3ac514a0a2866933d14af737ab5da94185b0ed3ca492ccad36ddc9b33da352e636fd8dd70a664603039daee0aa159466389cea6f3071f3826e420b2b5289709b4cb80592d9474e4ba9d99b70148b8d647833a117a845d18bcadf8a5b2e8fed9bf145477622a4ff00ab34d4df60d54b1dff00d35eaf53fd8b551c7f4c31e57b5f1ff079b9fdecf3078fad7fc4a44a7591c7dca5b0b5caef47d118c48538d82619183d4ed511055cb98e638e8e07e0ad506175589cb92959703d4e76c153b2315acbcd2a2508f1e0cc4beecf03bdafff0094e6f04e25bba78987e17fea91fcca97e425001346848fc94fc19513ff006fe185f7b3a27070f6b1452a384b1789a1b0ba19093a93a7f54fe17e16c4f0ae29662957cae53632d394dcf5582ef2632f4c92adfe0db3d9e5f26edeab3d8c60b8762c1cdaca46b9e7fc40db3bf35a332b3e5755e7644f75dae58fe4894a324799d6f024d039c70fabbb48d2393a20b5386d6d0bb2d65148c6edcc6b7337f45ec8ca3865ddc3f3534aca1a2a2926abe5f8660bbcc96b595a6987cdc4f1aa56c70ca1c5c1c3a6cb4145500d835ae77fb5a4a8a5e3de133884ae7608246b1c44663711987445787b88317e2ca8919826174787d1c46cea87c65e41fced74b74f2637f978bd16e3a16c5ca9f15cd05393b6524bbf2d82ddd0c94d252b0d1b98e87280d0ce83e0b1389f04710e221c27e25241d48108010dc10d6f0e97c7054baa5ec710e2ff0049f926c20a06794e571ea16d175ba2c6c7c61893ac3c353fb9d7fe55d1c512b5a5d2c708f991fd537901f1b349faacbff10711f01c3c636bf2ba77654d3c734ec786bb95726da3901e2cf0bc5cc86392a65a77457c863d893deeab916aa918f8dcdb743a7e4a4a5772eb222ffb3bef7d8a87fb2b8dc3216d34b14f63bdd118787b18e5835869a368dc876a3f5432ecd753c7d8dc5aae28e9dcc6b9ae2e16b2a6c7c7454ec966b03945aff045e3e1d664e6d63dd3fe12db01643f119b06a6169e9ccee1a06979fe8a9263edb62900fe926c99eb5e5a035c43477b2af3554d883af24966f46dd1035184d406c6ec39b1b6ff0075c54b494382cef2c79918ee85aed93e3039565bcbd010358c70d2e5452925ddaead6214aec2ab5d4f2667024963adea0a84b54c237b7c5108ed765b0f0e8c12eb909d474efa8aa19890cdfe2a0a10d99c439d61ba22c9000de48f49b5d2e4746949f6cb954e86924a67b5a43412091dd24b24d379e2bc6cea7a94b3533a48e27318f95ed75c81b29eaa9aa9b11b53badd804290539a4fa2bc13450bac773f78a155f52ead99ec6b9c5ade83aa7be9316ab7e5a5c3ea1dd2f90d913c2384f1495d92785d4c2f773de35578902ec72580fa3c3a28dad92b9c4b8ed033527e365a18293159a9c329238e869fa0b805158b8629a91d9db2c8f791725d654ea6388d58a7a9a9923713a36f604225d8a694168ca7c14e72d9eb9b238ffdcbabede1e61da617b2e8681b05a463411d0df55746314f4d944d03eddc254aad3455e5a48829b0bad80110540f2ed73ba4ac8ab396d7d4d1364cbf79805d158311a0ac66785e091d09d54bf4844490d8eefb6c52f8e1a7e6535d016031cd0ba9de79d1b86b1c9a96fc2eace1187be30fa68dc793ea6876e1755cb461f79e95d19bdb330dac9d13c4239b0d511175cfff00288b5d3094587bc3b5b2b3e148e8aab6a8b72b8ca035db1e855932c806606e0a119c913414e58fb9ee8dc7a3105a47b9f259c7728db07915e18fc9ec824377150bb7533c6aa23a94485568f2c5c9337b2ebafa49e3b455cb972841522e5ca8872e5cb9428e4c7a7951bcd9b7e9dd4949456b2d45b65cc0ea62a2c5e1aa9490c6105d6ecacf15c4fc468c3a8733e36c99e3cda1f754b05c324c4a7e6bc16d2c6ed5df88ad2d4c113db9412cb0d003601789faa58acb5e1dff00126eb899da5aa7d445e22669648e1e61d8ecae52bc190e66e6cadb92509654b195b346d7fd59394027aa254f1ba776469ca1d19669d4ae0ca38cebc66a48bb4b2b5d481e19ea3753563fc348eaa759fe41cb6f469eff00259bc12ba68e61453bac5adb59ddc23d883b994b1cbf763f58ee3640d61482b4f581f44c99ceb878d0f72afc125e12ed2ee3aacb435c256323690045e5b0e87746696a08859adee3542c3c3b11940716826eb2d89e232c723e92275ea1c2e0b9be568ec8962f5a4c92965f47068b2a716106a246d54ce25c7604eca9744cd0050e0f246f9259c07cbb823608d45236a28a50f20bede91eda5d5baa89c627eed6816ba0f33db4843a2d73b4b5c2fb2bde41258329eaea287c99f30e9aa73eb29aa250f2e7d1550371343a5fe2ab3725510dcd94f7baa7566482a047571dd8767228c7182e46c2838ceab0b0d8b1a8fc5d374aa8bd407b83ff002b6945554b88d389e8aa593c4e1b83a8f92f161513c57b1e642376bf5d14b415f5182cefadc3a4923b8b1603e507dc75472a54900a6d1ec5242e8dc5f1e964e64971e61aacbf0f71fd16291c54f8996d2d53c001ff0071e7e3d16bb96d2d6bdb67348d1cd3705649d5280e8da995a58fefb7754aae9c5650d540e1712464341e86c8a39a2d654a62612e97293a1f284b4f1e8de9a3cc29b0d126112c2459fcc7b49f82cb412cd84d71b1240d080bd461a36435d59010087384ed1d83b43fff0095e71c47188b1d980160ba744f93c31df1515a5f968e0c5a9f9f4ec0e73b570275281cf44e8de5a0dc0efa109f4d553d1bc4b4cf2d0376f428fd1e2585e2639788304121d1b25ad7f9a7fa32aec05455f2d23dae707f9767b4eab4d4bc52268436a98da803e4e5d51c28d7b43e9ded9196b8731c3543dfc32fcc6c5d1bbf44a97197b1d17289727a8865719e02e04ff86ee9f345306c6dd4d23657481a5bf70e84acacd8662747ab5c6468eca135f3901b2b45c7570b14b95317e867c8cf6aa2c770dc518db48229ade976c5597d30901c9675c6a5a775e2b4f8ac91063b3dec771bd91bc3b8d26a676432c805f424e892ea781a9a3d1831d10c85845929dd67a838d5b53272e691b9b705c059df347a0ab8ab1b99a4075b65caf27c76bb36d3621db258749db7ee9f1c4e95e18c049eea49618e09a26b5e5d203e60355968a65c93193ba38d1a083ec5a877109ffa63d1281ae30b742baa2823ab8b9738bb7b2f5954b8a47027f733c8e38a49e531c51be4249f48ba3743c198c578cce632999d0caed4fe417a15261b4387b036969a38fdedaab2493d6eb6cbcb79881e46528bf87d41158d6d43ea5df85a32b42354b8061346cb45451d87570b944773a26c840d0acb3be7fb226d81ebb86f08ae6b83a8db1b8ece60b1086d261c28a46e1f19b4316b9bba3f573086173dbad82cd51623f49b9c58f17bec160b6fb1f5a6da6bd41ecb0b400d22c3629f998ed03ff454e1a47dda5ce575a5b136c3283dca04f4268ee502374d2c1d9379b9b52f4de601a28d96931c469d137237f084d32002e5707df6d956878298d8776851cd4b4f51198e589af6bb769d8a92e933844a4570d064bc2d80c8733f0b807b81ff00847b08c329709a11051c2d858e39c81d4aa4d2649e3880b87391bdac3b68b678edbecc7e424ba2a62b31a7c26aa5d8b2336b775e2d4d3ca6573df3b86725c6cbd9f19609305ab61360633aaf0a9c4913cb731f29b05b1232ee06fc5c208fae73bba8679627c6487975fa204e2e6ea5e4dd2b267e53a94c5140394859ea031e7ae53700a2f4f8b3990b5cc194959baa3e6cc49d55aa097353d9ceb969d92e51469a66d3ecd3b31d0da988b8d9aff29b22ec9b98d3601c08fcd606aa7223194db23af6089d0e32f89cc2e79734d88bf44a68d9ecbd356b2099f0c81e2c76beca857e1f1ca0cd07989d6c53f1ba88a57b2a183d635287d3e2ee600c0010374f8661cdb54f960324ced25a5b620fe4a212be2943af62742af6252891e640d02e3a04326b91603528f560b49e9bbe19c57c6e1ef81d979b0fa49d4d95c6e2b4d2cae86ae8e1900d3ccdd42c3e045f0d7119cb2e34375a9c4a95d514e310a6f3168b4806fa7559a52ecea53529434b758e86900929a18434ed66eca38f1432466ed8fe01a819a892785d1b1f7d332a14d35473468ed4ea9b192325d5ce2fa354717c8eb1397e0a0ab959247cc64a5af1a82d41a4a5a990e6cd947b956a9616b585af90bafd95b92171ae6cb345c53245388a573ecdd09beeb491e2ac95800cce6bb6d562ea30da73266f31ee6e8a6193b1b108b5397659e52c3a1e3d4ff21efa59b1ccda7963f5fa49285f12510c4289d3402d2c5a81dd5ba98e2a9a66cad68e6c7ab7baea6a8648d049009d084b563d35cbc552465b00c56b993722a1ff00577d43ba2d0d44ce21cc2c006ed70d6e836354821939f1d9a1c75b2b78162ed900a398663f75c46c9ca7a609f8893c0555c35b1d589a00e691ae9d51dc32bdf9019cde4ea0abf56c618dcc24075b459a924742e73403ccba09334d15a87b361e21b5d1d98e11ce3569e84fbaaa7107b242cab85bcd1a10068e082d0d438d9ce790f1b8bec8d38c78ad3863dc193b0795f7b5d2d6e9a24966817177d4e0f6aec3c19689e7eb6127d054987f104b23454e0f2e775af25149a66ef63faaa8cc45edaa928ea199623e57b4f5f7416ab0f9f05c4c4d039cd617668dedf7e8b4c61a8e4d973523d6386b1ba6c6810d1c9a861b4913b7056a1cfe5c772bca70d9d98a44daaa6229713837737ca25fe8b7586e3ecc5a80e7192a62d2563b7f8a54a384e7c824d983c90942a94c493756da1521f03ca972e5cbe9678b16e52a6aef9a84d1cb9203a2e50bd1575d224ba84140cc40eab9d4eea9a88e899eb90f9cf61bab106582967ac7fa626e9f155b8467f158954ceff5652e173d4ae07d4fcae11e313a1e3d5f966b98ea6a0a5653b4598c6dac3af72a856e2d4f90b1ac2d7772a692aa268f3459caa33cd0483488b4af2adb93d6743d7480355470d51fa9aa6b5e4df5577099aaa95c20ac682d07eae567f55d3d05155022468d7a81643e4c22b68c97e1f544337e5c84d8a09453195d8e2686af0b82a6a5b5b1348901b923aaea87398dd4820f441283896482a04156d304db6be97236eafa2ab2d86a19ca79170fe87e6b34ab68db0b5305c723e095e48b735de508fd24d68f53e9d10b9b0af153324a7717e51a161d2caae1f5868f13968ea83817eda6894d1a35604a67f3209e384074e5da13d15ca56bb9591c6ee0dd4aa84c54f58d7106f26bb68af1b49138b3cae2754b61942b4974ed699435a3423ba078858d596c7f7ac2e88e238313526a39b9afaebd1526d196c61dab9c09bb95a784607a878a1708a436797e8e465ec6575288a600c8d00b7dc2198cd23e531d546c2e318d5a54b4154e9a1a69dcecae04b093d3d969c59a233b07d7c0ea7796e536bee96989316592c736971d42278bc4452735c2f6dc770a1a4a169f09006f9f297b80e8ae2ca68093524d18748c697c4d36d3a23580f1ce278096c6e7f8aa5eb1bf71f02a9d1cef6623530c6f1a4afdfa804ab12e194d5c03d968a527a6c53fa6b19964dc5ea3d5303e23c2f8820cf49306ca079a171f3044268ee0e9623baf089e8eb70aa812e62d734f9648aeb5b807f1365a711d2e3313e783d3ce67adbee6eb2dbe36f711f5f91fb353894028eaa2ac1e9279727c0edfb95e5dc58c2de229dbd169b1dfe231a892a2930fa264946468e78d4e8b1b5959558c56899d1de422da68133c7a6507ac975d192e8ad0b05ecedbaab11533658dcdcda0bd929a599af7d3b5a0ccd6dcd8e9652e18c0d0e63c9bb96893c3347b26c36a2ae81e1ae95e62e962b462aaa25a712d39649ec7aaa54b485cc16b070dafd55ca7a58a075c38466f72d3e925669633445e03e4e206453726a698c6eebae853249f0daabba46b411aa37518561d8930b2a730774701a840e7e1badc3899694b6b60eacbf980f81571717d04f4a8fa3a096e632e1db55c30e8e3bb5e6ed23427752c3490d4bc8a663992dbcd0b86c56a706e07abab87c46292b69e9400482752a39613a3234143555953e0e91ae91e0f96c365ea381f0f4b83411d562f5791d6d19d9559f1cc3b87606d3e091b01d8beda95479f8a7153dad95ee736f6cc4dac91635316eee3e8d2b712a8a9a831e1d4e39034748eddc517c320958f05e1af77de36d907c1a8a6c01c44d38a8a29080edeec77b7b2d6e76b406b0796d716ea931a527ac67cdca3889f6f64aaa99ac130cee3b15adda2554d96dce68dca8e4a8630f7551d213b9513a40774b768d8d05c359fe94cf12d7b4df75533dc267ded0a4bb1b1ca948e9e5b87b5db59603842a1d498e6214d2925d1dcb7e175b8ae65dad37eb65e6f5133f0ae34909048a8611a7c41521db66882ce8f456573ef72ed0a592a1ceea8353ce248daf0770ae173cb744b4de96e28b4d98e8a4ce5d6556370b03752b65683babd2f0b234dd49982aa676db74d3520e97b2bd2b896ee2fba63de15075686bac130d5b430bdced3b2ae41288670b1ccac73fa463f546107e1b7092924981bf31e8c10bade3ac81c9bdff760fc7dd9300ac71d2d1af03aaa8904962edc5d7bcf1239a387ea838daed5e312b1b68dc580922c9bcb1950a79c7410662e6db70a369973681c519672ed60d00fc144e93cdb591a993f8cc15353cef65c30fcd4d87d2d435ce6db293dd5c91f999a95d4ef02a1973607dd0ca5a3aaa529092503dc082e17213696998d6373124b09055f748c6df50a9b268db2cbbb8b5d7b01ec93a7415714cb350d8cd28045edaaa8c8616bee23523e62f89e044e048eaaa4534dd981145b33dd18e97a40c7c160d6aa72c2c2cb860bd93c994800c807c12f2dee07eb6c533599da40b61e4d4b5c4db2bb55aac27168e093238874720b387b2cd55518cc5d72ed14f472f2dac1b1d92e68d5e3cf8f469eaf0f8a9ddcda668e53ff00440ea6374152413607508d50e24c204137998fd2fd8aa78ce18e8c1905dec06e3e09716f47db14e3d15593b4b757dd31b5218eb004aaf4ee60d320015bbb4fa6c004f310f74ee732c23b9b7550c73cb1ca1e32b4750a4f3ee4feaabcf95ae399e0216b4384d4587e9a57068767dd348e5559173693508751d7c4e803b35cb74b29e6ac8e48b407337cc0a4b833a11b6385e9a08ea60744f075d967035d49504004161e88bc78866607b40b2138dbe491a2a1808bfaac8e11666be714b51abc32b23aea50c7b9a6468b027aa82ba9e3d5c7287058cc3ea9d4f387b49b828ed53df5303656b89ee9df19cd7e510cd3b28ddcc2eeba84b1620647092371001d9529a0320bf5f74ca470a79323f5b953e3c2e3e4b9741daca5189c3e2e201b5116ed1f7828a9dd162f87ba8e436999ab2fd084b4b50619333371faa8f1083c3d53712a51663f5781b828e3d0ab23bda2ad14b261f5c2f705875f75b5a3cd2d647594e435c47d6762166aaa266214adac885a460b387744386ab5c64303b4cc3cbf14362df45529f2c66fe96ced42b8d5470c767a7b9dc6eaf80b3a66d6b89e4ff25cb97597d30f1275d724d975d42855cbaeb9421c98e710091ba7151c9e93f055278b425ecb58d1307083837fc478bfea86707483c7d432f6bc7ff08a63cd3370dba3fc0039667866ab958bc64e826696fe8bc4f992e5633b95ac823d02f4c1be79834f65149352fdc9d84f62142e8dae243b5513f0fa73a8b83ecb99e831ee10482c725fb82a274520d6326ddb750bf09611e49a4694d3455f0ff779b337fd6a6908eb28e9ab5823ac8c5c6cf02c426e1783626e7be918c1574721c826711789bf157a9209eadfca9e26dfabf60114fa560c3a8cd3e1ac6ccf6922471fe8824db583a1d32fc54f4bc378318d8f0d8a204c8f71b93f0eabce2b3183538af31ac78cf72d7df70aed6d4d4d7cb33f9ee2e78b3a271e9ec81cb55361f231b3c4c9e31e9d2c4208d7d68f577786af0dc473b391581d334eceb5cb7f246191cb9065376fdd3d503c226c3f15a5e653831ccd1a8bea11ba590b6cd79dbb7558ed58fb37c249a1efb3a3c931209fbcd54dc638e50c8ded7b4743a23229c4f11736421c36b0d92c78519cb1d346c73c1f5374ba02db33829e59b3c8e69636f61716050d970d218e6306473a60e0d5b4aaa70039a3463761ee81be2732ba279d436e4dfba253c40e690d5d2099d1d3bc8cb619b554e3cb4c6ab1271be6708996db63b7e48c48d25ee99cdf9acdf11cfe1a0a5a18757424cb37c4e83faa6d4f9302c5c51998a611cfce37cc2439cf7b946a07e590b58eb661999aa071b7d5d417127e65128cf9219362c365b5a3149ea0e53d5178e5ccd009dc16e85415b8051d492f8da69e5dc16fa4fc94ac884cd04e855a85c6dcb7ea47557b8673235b84e21440e68cb99b8921d41f90546292422d9dc2fbd8d8addd64e68a865a83e6b0d1ab145858d0643775b529b1ed103bc2346c92a6794b73002d73aaeaca13455d2797cbea1f057385e27c54067be92b8e9ec89e23073a313c6dcce6685bddab3dac656f194a168918d36f3305c58dae8931ad9580e505dd5a421b10f0d2640ebc4e378dc7f6289531b9cbe977eeb1f2ecd928ead437c31690237165fee93a28e4358d97974f0c8f9dda34301b1fc9116c025b973c471b757bddb0083e27c45958ea5c2fc8dd9d31d5ce1edd95a8eb17cf8fb0ec15187e141b2622d81d58479e28ec4dfdc84331ac7ebf1770a5a77bb96e3a46c16002cec199f2677bcb893a976e8dd1722221c5d67376037289c304cecdf45dc1f86e59a6673c87340b9738d9adf895b1a4751525a968da6791fe52f68d07c167e0f135c5ac6831c17f483a95a8828c615442799ed82302e5e45c940a3de89c6c371e1913e1689807803d00d80510029e16c4256bcb4900075cd96425e2c96ae39194a793130d8d4487ca07b7bacf4fc514d4b5314d8699ea1f13ef24ae7795c363a593278e268ab791e96e9ada14ce6a18cc499534f154c446495b7b763d930e20d26c0eab2723a8a1d04df3e51a9559d5398daff154a7adb4571654e6c4e0a5673247800eb7ba1f7e83500ef8c818e6b1f200f93d22e991d40e711986fdd79fd562d8862758c968a132c516c46e4a278257544d507c5c6e64b19b35a4abcc09d788dace1b2c600585e2ba46b2ba92b8375649679f62085b28252e6f9be6b3bc4cc13524c07e1bb4f6215a78c08aec5c2c8f0e6da8693fba2b1d542d634bc8009b13d967f85ab23a8a531bdd67385afee971786b29e375a273987ac7b21717ec7668564aa11c85b98117d134d66b71b2c154710d4d34c23740643b02e520e229e06e6921263234b7447c186a28db3eaec0dcd8f451f897652e2567e931b82be219646dc6e09d54de39b2bcc40e51dc9e896e32fc97c50629de65cf21e9b2ad5d3f22332c8ef8341555d89414cdc8266d80e883e258b3246f99c08e8ae306d94f12d66e7f8778fc3566a30d91e1b3025ec8cf51d6cb737d365f39c18dcd86625157d25b9b03c107b8d883f9af78c031ca7c7f06871181c3ce2d201f75c375d6ab5470e1df8e6da2b717cc22e1da97100e96b2f1c9e77b618c8849361f25ea5c7af03872471beae0345e5b50eb538b0b650112ecd5e3afe841ce98dc358d69ee4a64a252e6bb9a7dec139af0e76a2ca29a4683bdadd2e989012967b1c230e24be473afd2e98c898240403707ba8db5518fbca37d6c62fb951a0236453d0e38334f28bdba281e1acad20d985ec04022c4e884cf8e548b0a47089a1b67122ea7c17167c988727149db240f8dcd12b858c66c6c7f341c473f2e2822e2dbebd90a6cad123875074bae9c62555135ae22181ce3cb70d337bdd571108a8e58aa8b9b237cd1befead7646a267b7c852083678ede691809e971a268aa841d651a2152574af818c652c71b1a2c5d637729659e89c629226bd808b49193720fb145821dacb935744e668093f055db51981b336d542fafa492a5a3c33e3a76e8466bb8f407656052886701b267648cccd3fd146828d92d246e21235ad2cd0b4dd68693157d546192d9cc70b58acac9196026eaed0d559ad16db44be3d9ae373f42e28e3475991918ca45c1500ad99e010e007b0443136327a66ccd1e666841421961a6c9b1463ba6d31fe2a72fd64759365cd20bdc929c403ba500591f146776484a37e49832fa1dd1789873589d3a7c1022e2c3980b1051aa7a90f89aeea425b586ba6c6d12c21b1caf889d0ea1597b59353ba376b71d90f95ce8dcd977b1b10ac07dda0816284d0deac02be3114a40dda511a4acb445876556be3c93f3075dc2642f0df827c59cd9ac917448335ae754d9a1b8cda7c546266875f65219c38595bf406e32d528e64796f77355f82568261905d8edefd10386a9f1ce0decdd8fba2ae8dcf01ecd41174893c3a1445cd16a2a7e5c86361b03a8f75670ea5f0f373dc2ce07ca13e8d99e2639c7ccc562a8e5a86bf60e1b04a73d36af1f8f66af047e70fd459dad9186acef0d4d9a4c9ecb480288559ecf245cb922fa51e20e29129d925eca02c55c9014aa10e4c76c9ea3936433fb5849f613999cea3319fbd1d979f4123e8ea003a3a17dbf22bd0d86f1308edaac4e3f4be171690dacd9bcc3e6bc3793feacee41ff446ea0944d4f0ccdd43d80dd49985f459fe15af35142691eef3c44e507b232e88977ac858a483458d0ed64ba0361ba1eea57ecd95c3e69aea5accb68a736ee848157caf7c7c96e8dfbc7ba192611604d33c464bae47748d38ac2db068781ec9ccc46a1aeb5452b811d40502294d4ad9a4b3c08aae3d1927428354c12c94f352d40c935f303d1d65a97cd4f52f17b66b8f62aa6214b1ce2c4eadd58e568865f051534f3f88a775a680ddcdfc43b2f41a1929f1ca432c0fe4d53347b0e96f7596c2210313744e6d9c459defd95cab8e7c2678f10a4bb5e1d95ece8e0b3dd1523750de0721a8a88ab190bc1e68360e1b396be28ed1341b672dbb964b08af8316ac6cd97296f99c3b2d5d3b9ce88b9c7575edf058b30d5ba41510b1c09b02167ebe9ed2070d1a375aa95a08b346e8162d19c8e0d1740cb8b054b2b7942426d137a77b2c2d4ccfaac51d564dd935dae1ecb5589e6870e7073ac5ed2d68f8acebe8c65818d04373662b4d38bb136eb068a7195c47a4bb4f6b74530639d4ec16d9f7562589ce979219a1790c681d3ba9a58046f8a106e46a56a52d6669471046941e50bf6530be7040bfb28a2395a01d0a8710c41b87c198db9ced18d4c5d9941dc495f9a48e92275c30667dbf642228df532b626eae90d931cf324af7c8ebb9e6e4a3dc2f402494d748db35ba32fd4a63e910d251518a4a68e016b31b63f153dac6e37ecb9aebea4eaa4b070d7459a5d9341935388cbc81f564edd8a744e746d6875dcc1b386e1123087820b7455cd33e8e4ccd05f1bbeeacb647f26ba6dfc32dc74fe3a114afbba27eae0d3ba138bf05cf441d3d0bc48c2758fef00b698461fe1e012b99673c6dd94f3472c7289a1d5c06c45c14109b469b29e4ba3cf28f08a892302de67380b765a5c1b842a6697eba3110df3386e8fe195585c554f96ba16433df6d81f75731be2ba1c3a95cf8256cd3dbcad6eb65a9493313a9c7d94b13186f0bc4c91e44b23766fbac7710f1ebf1483c3b859a740d08262d5b89e31532cf56e73236f99c6436b2a987535289449235f39be9942b71496855c1ca585f8a9eaf188e3f12f7369e3370c274476928a2a68f2b22d362eb68994f89185b95b4710076321b81faa8e7af7e674f5954191f6d1a07c97366e73788eac2108209e1b234543e8a27e6611985b6f757cb1b034b9ee0b1d478fb64c5e38f0a8dd3b87aac2e5df00a5aec43139dee6cb0d4457fbae8c83fb238d334bb1919c5be8298971151d2c6e8db79247021ad1dd6226c42a71025d23dc1ad758b2e96be17b6f34999997ab85952a6aaa685e2cf739ae3e6b05ae15248095992c36bc1d8a368aa1d04b6e53fd07b15af7e1f4b3cf24edf2b9e01cc179ab238dbf594f3581d45ca2ade25ab8a9053098075ad9adaa4c968fcd46be5c5e9f0f1ca9656bec34285e2d89c5594cd861d4d8927e4b155588caf7e621d23ba92a193886b628b2362602e16db5521536c5c9a884b07acf08e2c3a064847eab6d86d789a02dcf9876baf27a3aeaa833ddb9c3dd98dc754469b1eada5707c2dca7a8e8992a8b84d347a34581c724afa99dac717fa5a46c10fc57078296867279790b491dc2cc7f6cb16790c7bc58ed60345d357d6573db139ee98bf46c4dd49f9043c5a65f2cf6098a84735ee04820f948572cf69f3487f35acc0780312c49c24ae63a8a9f700fa8ad6d37f0e701a6fb564939ff54853d41bf6227e5423d1e4c58d0ed1b9c9e805c95a6e19e04a9c61fe2f128cd3513350c77a9ff25e9949c378351d8c38744d70d8b85ff74ec4aa453d1ce41032c6764d8d6a263b7cb73e91e47070f5163b5f88cae9452d2c556e6b58c6f99cd06c005bac165a2c120652d04421a669f30eae3dcaf28aac66a70ba98fc0cb676625fd4126e89d1f1d4e1b6aaa68ddaeedd15c94bf0260e2d766dbf88f5a22c0e10c945e598599dc58af35a8ac91f1bda06ab59c7d89415181d2b3331f335c0b1ccd6da2c07887b493cc06fba3886a5c57430d448e3e671d173897798df555e592d25f4297c6dffc3d93d1924d96636f96fa249184dc5f755db5ed07cd194f75744fb7948b29a005701a9a3a2324788d273e19cd8c805cc6a6e23760b514d0c181c4f6b63fb491ecb13737feaa861f594c4b98f91a074babd24903a99ed6491ea3a10846c609ad0b61bc5a60a1a4a2c429a27369ae039f1e60e69b7fc20fc538951d74b18c3e98c50b48b92d03f209d1379b13068eb0d556ad8488838b762acb71c413a5c2b87ebe06d4bb141035ac01ec734839967638a9e5c61914b2165317652ff6ee9c206bc9f28bae745a005ba057825b348ee070e9aa0b315a6f0d08be62fefb0fcd069aa191d4434a2c4535d85cdd9dadff00aaa6c166168964ca752dce6c547e97dc77d546828bc6159d8d70207c55388ba291ccf985723735ec6b89e9b2af57f56f6bec2c851a97ecb8d90c90b9ae3ea0875cdcfb29e39801a1dd559a4cb21d7744855bd92079d948c901d0e9650092e2f6485c47445a66c64b2b6e6e362ae61eecd198ba8d90e74aecb97b27d2ce6399aebee6c50c8754f24189066616db52929670f8c5fd434290191fe60d2a28e2923a9736d60edae97a8e828bd1d5cde6c0eb0d4214c9082b431d2e669ceebdf7541f4b1c5216865d5f2156d0fd9503643a8693756a1a691d62e360a705a5ad0db052078bd82be42952bf231b4b1e6d7528cd1b83a9c47f84214f91ad1ea1f24fa3abcb3b58d69f375295237d1907d06a3718c5ef668dd5a99c2684b6337ea0f654db1ba505af3a1e8159a41e42db588d128df2ed077872502be260eadfe8b5c161b8633cd8eb436f96269cc7e4b721311ceb3d9e48912a45f4a3c39c9a53923868ac163414ecc9896e15e143af709af17694e1b26b90b5d13f211a67075330842389a8bc4d0739a3cf11cdf244285df54e8efab4dd4af68923731c2e1c2cbc47990e3733b94bd8230f85d6ba82b62a90740e01e3d96f5d531d9af6ead70b85e7f8951be82be489e3ca756fc1687856bc54c2fa298f9e3d5b7ea161921c1ff190377254adc4295a3d564ce4c76b16b7e6129a7a6235c812f0849e3e9eda4c3e690d4c4f00666107dd42e870eb1cdcb255675361a7691a3e055145d752412bb3b400e0370a1752131169bb80d6eaa0a482e791585a3b664e8e7c4691c4bed3c76d2c6eac22abda29eb2398ee08d7b8477138629618dc002d780e162863e5a7af8896795ee1ab08d5a5751d74b361b1d2bdb630c84663db459ed35d0ff05de1e81b4f555ae0d0d196cdfcc2d4d355012359f740002cc52b8c4f919dddba2349311338b9d70d37f868b137d9b9234af98691462ee76e8463ef6d244d637592a1c18d1d93f0ca92f91f3bcee72b3dd4047d27c40d7120c344d739f7daf6559a57a02e3742d3c8075731b96dd10e961898ee506873de45803b5aff00f28863b5ac0036436e6b8d8f617b041592ca09632ccb1d5e372136116c5ca497b257c11d3090b9c0ce47ff008aa50d3f9cc8f3771d95ce5661775ee7524a1988e310515e3a63cd9ad6b8d9ab657031d967225aeaf6504399ce0e93eeb566e6a896b2774b29bbddb7b28dce92790c9238b9c4ee55fc37099b1295a5df57034eaf3d7e0b466081b85617262726d96161d5fdcada431b218db144db31a9b4f1454d08862686b0741d7dd5b63458580b254e5a50b1b0956e2a62eb5f4099111a5c056db20b6fa24943842d6e9d95ca0a2f13287b9be46951d1d3baa9f6d997f52d0c3136184318000167b2cfc1bbc7a5fb13276d2c90c570a5012900059ce801b12a064f190e1636d1cb175d4c69ead8f9dee8ec6c1fb83f25e91206bdb670bacd639401d0b8968733b76569b4fa0f8a92ecc05661f57e2e435350d7c21d9b337675d732a8df9749a01bbbb29208aabc63a929e36c91bceac7ec150c620c4e8dc6275186c64e86117056c4a567b17ceaa57aecb5578ec74317269873a63bbddb0411bf4963b562389b2544aed9add87c518c1b8366c49ae9f109452b06ac611abfdb45bdc09d438730450431d23630038b059cef7ba26a1576976647376fa0670970755f0c4bf4ce232c62a1acbc7001a0f8952cf57595ef32bc804fde3a68aee378dd300f6c6e6bda77683724f7415d5734ec3235818d0342fd945394bd9a2ba947b2b5552c35736497ced66f7d935f53474cdc90d3b4903ee8513400d7492bf3b9df26aab5153146dbba56b4760b4c63d013945b1f1092adef7185b181b1ba6494af8e406c1c7ad9753e254f1d38c81ce277517d2ac739ce11bb5dae90ebd66985a92125986c22d7dd0f75bc46791a0b86c0745704f256c86260b068dd4d4f87c6c998f700f711b9e8ae31e2549f3f45714d27284cf8c00e51ba3e5fda0b5f6446ae5223c91b4388fbdd02a6d665f339d73f89c98968b94b80c653f335b8b2dfff000d2085e2a269616be58e40d63cf4d979fbb1060243066b75016f3f85d399e92b9fa7965161f20a3825d99e77f2587a797802dd1731d989711a055cb892a5be58c6bf1569f4633a59f2026cb2fc515661e1bafa8370432c3e68e5438bc581d0acaff126414bc11334120c92b5bfa154bb646789cd23a47824defa952c7631db555cf99e37b052b5d66d82d085e96ab2a669a8e3889f2308f2f743b2bcea03be1656331075768adc3310c26e55607cc0ee71dcee94116b7556a99ff5d20791626fa85718e85c72793e2428cb8a4d820d9dba69682eb02b4323a92368686c6ed37b2a869e92571ce1adbed655a1bad02d91106f6d0a7969f7013f962e7964e5be89a74365341cc39924ac043657352bea2631e574c484e01a546f68d8288a6d88ca89411679d149e2a6beae0542e1977481c3a2342f0b2d9cdb5b2e32349b92ab973add1735c49d946c9815a59c3a3d4816524c1924772f1a218c706b764e7481c036d6ba11ea4116c21cd610e1b28a7a47060766b850b1e05ada003a26cd2b8b72871fcd42392c268a10efbca6f08d26f990e6c8e6ead2a413c835cc75562f922f8a6658002e9a5a1aeb06ecaab6ae71a9d7e6b8d749989237ec85a1919453d3434b23f940ee12d54976b5c0588285d1e2af8a2b39a4eaa49f142f80b1d66dfd90347463747884d92381cda016eeaa5748d13b5c09b382af0d7b03007b89f885254e23172000c6defa1b2a4893b53891c52b9d7cb1d80ee53c39cf7799d94760aa8a917b8202904b7170423466e68bf188da2e1a6fee944963602d955264cf27576c94cef2e3672a6838cf19a7a799dc863fba919505cf701a66082d0c8e30f9e436be82e8bd103e77b9b616b0ba561d052fea6b381e90c74d3d4bfd4f7100fcd6a804370383c3e13032d625b7288a246193ecf224a12255f4b3c49d65c755cb8950a2370d525d38a89e08d55a019282b9db2883badd3ef9828d113d2cd138095e0ee42b250f8df9256bbdd5f26f72bc9fd56ae36723b1e24b6209e20c3fc5d21963179621a7b8596a5a99292a19511b8b5ec3affc2def5bdae16431dc35d43542568bc529fc8ae29acd3d24c712a4654b253670d5a3a153370e0e377caf3f02b2dc3d897d1f5c18f37825363ec56dda46846c75050c960253fa2a987ab33be6bbe8ba6e917fee2af6505280965a60e386d1b6ff0054ebf60e29a590c5611c92c646d7d4228344eb35dea683f150b02d453662658ec1d6be66ee5414f2063ef21dcea423b252b1ec397ca7d9676a2f4f5ee8a6b6578b5c744992d3454f187a70617892e32bbafb745d0d4931cc2e33f4f755f0c90d761e69a7fb484589fc43a15403a4a3c41f1480d8ead2b149633a117a68e2aef0d4f2bc7a69d9a0f72a6e127c9260b515523beb2b24ebdaf7281e165f5541531bcddc5d628c61ce34582ba08ef9a3610d089124673881c27afa8731c72b1cd63074d2c879ad8691ee32c8011f77a9506355d2c6666463d16bbbdcacfc8e32ca2491c49b5ee56daabe8c3749e852bb1c9eb418e11ca87adb73f342dc5b9ec35bfcc956a8e8aa6b9d9218ecd77df3d16828706a6a0d5e39d3753d02d1e8ce50c2f0233339f5b76477d19b12b42d0c8c08e3686b00b340484e6d09ff00c24f6ebdd039143c136f65623908b68aaeb6b29984d858dd2d945c6c8481aa2586d2495afd05980ea7baa787513ebe56c6c16603e672d95253474d088d9a01faac965986da286deb1d0d3c7135ac8c00029ac3648344e0b2fb3a4925e851b2697252531ce50bc1921001ba195ee06170b5c10aeccfd103c5aaf95191d4eca456b239718b605a1a46d3cd24e4ddcf2403d82bad0d70b38348e97175459504b6d65336536dd74629a471ac9f265e6b5a47985fb20dc434754d87c4d049903757844193dbadd4ae78918e8ddab5c2c55b8e9509b4cc452d5ba3e649316e63a6672ea9c68c74591a798fdae765431688c38bcd4ed3e40ed154988003484e8411aa573e3d134b59513801f2103b0d1459398e635ce26e5333f9829e9aefab69e813f311923272917cc31c6cb0b681461b1b63072eb6ee9f37a6d7d49514ae0d8cea2c020eb4dbb887e0d3363a89ce4cce76c1127095f234c83236fe96841308a914f5ae7bb62113a9c4dd234089b671ea52e4b4d14d8b88fc4248a9e9dd7b0cbb00503754be716bd87457678def89e6575c96dca1ad700d21a1361131f93636c7b2cd1aaf43fe163c369ebdb7de506df20bce41d6e56fff00858dcf5356d1b07b49fd15d9e8c91d6cf558da772ba677983427bb40a168ccfb95997a1a34e85613f8b752e1c374f10d9f3fec16ea43e623b2f3bfe2ebb2e0f403bcaefd8238fb2a47960d0a780a32fd1466470ea9e25961d6164f64c034dfa2a9cd2774864f2956439bab9ceee54909f317280136dd4ad7d9b6015309744ae7126ca299e58ddf53b240e24ea9929bb85f65581f26598b460be8143268f26fbae325c01d135d72355309a767b755d7cdb15194e02c15a40e920171e6d5445bbd9297e961bae6ed656411a0a91b191a1eaa32e23652094fcd42d324e5fbea9394f1ab94627783aa71aa793a81643d85a4b98442e4850be4cdaf74d7383c1247c9765d02b408b9f4d12890ec9b96e3749b74564c1e652744ac25ceb7451ea4eca567942a6448b01c036cbb367235d1572f29c641974dd085b84d9c03be81432cf9cd8680289cf2ed026daeaf0ae4c9448427b2a1e0d81505eda2e0eb153014da2eb2b1ed4f8aa8b9e2cdd5521771d15c81819e63a28c6a930a45585900f28bdf65a0c29f2e215f4f46d69d4e675965e9dc5ce1239be50741f897ac70270e3a868dd89d632d3ce3c8d23d212da352b659869e08b244d66c1a000a5b2e0b9097ff00d3c889b2e5cf167245f4a478c16e908bae5d75651c7651b85c29136ca201f65670ca45d48c7df45d232e156cc584ea9abb0516ddedd15e8de25803c74d0a18d9439bbeaac50d406cdcb27476cb91f52f1fe4ab4dbe2dbc658cbaa1aca5656d2ba9e46dc3b63d8a9dc2ce23b27b7b85e325d33b079fcf4f25254c94d28b3d9b7c3a2d5f0c629e2a9fc1cceb4b1fa6fd426711617e2a9bc544dfad8bd56ea16629aa1f4f3b2a2171ccc3b8ebeca3ec8cf4a68b5efbf55d755e8ab23ada46d4466e1c35f62acd868424b4560974e6bac755c424eaa9909858b7441b8828dcfa7e7c4d05ecdd166929d246d91a5aed43b428184a58cca6178bc71bda5e1ed3dec8fd40a1c5a3698e7632468dce8b278c53cd83d635ccd2271d091708ae138cc32c41b5587c6e3b170241fc9679c33b3a354d30be1d44286a5ce6beed7e86da84705335f0dc0cae22c4fb21f474b4d56dfe42631bc6f13cdeff009ab54f8a368a63056b036da6ba2cdacd0c0188702b670f7435c5bcd766f302a99e0ca789c1cea98e57345ac41b1fd16f195548d67318e0f8cf6d6ca39e969abd8447308c8e9940ba6abe496212ea8b31e30caba6cad0c6066c3268a3734b5e5a46cb534d83013736696596303c9622ce43f15c2a4847882d0cce7cacdcfc53617b97b335b4e7680a940523a30c1726e7f64d3a6b7d3bad1c935a65c7b8259c510c370d9b1198363168c7aa44b84e11362afcc096d383e67db75b6a5a48296110c2c01adfd566b6e5e91b28f1f5eb128a8a2a2a76c513400373dd5a02cb8036b2558f74e925c7a14ae0b925c59408e76dba85c744ae75943248002a996915ea25b03d86e56131ac51f3d7b9b1bfcb1e88ff001262ada2a27f9bcef1668582329b125d7277256cf1abded987cab317145e86b9ed70cefd1168aa1b230163aeb3064beaacd1d7f87d1c6e16d7139a68c4a01dd3b9b6035b2072d79905e23609f4d5ce75e395c330d95610cee3b2b9bc4128274d085526713236e7a297888df1ccdfe80aa90f73c1ee9d15d0649980e9a856b0fe6cb33dd1b49b28a1a5046679b91d113a0706c6f1e58c1365726368ad391cea4a973c0206835d553aa8666b0e66efee8a9a966779cf7086d6d4c6e73467d12d1b6d84522ad242f8e50e75add91394e517200d760a847234bc0173eeac54d5441994105caccf0e87cee2e638136bb50a2f0df2deeac3a596725a0102dbaaf1c395c4bb528e2c5589b107324b5b45e89fc26f2d6620d275b3485827bc3001b95b2fe15d5323c5ab83ce5ccc16baab3d0b8ac3d7e47661f14ad16015386b2293d2f0ecbbd8a93c4b7706eb3a611cf3e72bce7f8c3ffa561e7feebbf60bd01cf2e370b01fc5ed707a0f695dfb0470f60b3ca492131e6e9ee4c253c58d3b2e208094ea940cc6c5596846dca9340b9b1b414f2d6df754160d20daea02e25cac3ecd61b3aea069b90a1092ddd2136095c1308235509a71d0a404aeb6890123dd594c75baa506e4a6dee901214221c902ed4ea9c05efaaa20c37290f94a79164d21420eb8d139302734a84145ec92e9d7b269db450bd1ed900e89dcd16bdaeabb4927529735b4bab2f4b05e00d00516707d5a2407305d93e6812299d765af7d52f9b6e89321b1b0d570cd7bea0fc111305c8e7a9194ee3a95d1c73cb66c71be476c035badd19a1e11e21c432f26865634fde91a4042da43235c9fa058cb1b341aa929e39eb256c504724f23b66305d6ef0afe143df67e2d88068ff2e2235f9adc617c3785e0b108f0fa764440b179f338fcca07343a344bf267f823801d198f10c732b9cd378e9c1b86fc57a3cbab76000d80e8aad1b72b2d9aeacc9a843ba535c658443629a9dd13541c8f259c59ca20a7988736ea01bafa4c7d1e2d8ab975d7222b4e5c57148a02c43a8b2a5511806e0aba4d82ab3d8dd1c09a531364365de24b08737706eabd41b3b4503a5d2c4a3b1271699a610f4d1b0a7945452c72837b8b15332d6b74427858cf554556d0cccc84dc1eda22c05b45f3cf323c6e9247621f6926846a2e3623b858ac770df015c5ccfb197ccdf65b51a9f654f16a0188d13a3b02e6ead5990467b86f13f0559e1e43f5528fc8ada0edf97baf33f30796b816bda7f25b4e1cc53c752886477d7442daf50aa48a0d86a5cab9a9e94c8340b2900b85c05d3da0590901f8ae1acc4291d4f26a4fa5d6d8ac851553b08c50d0d7c41d6366c87a8e8bd08303858840789f879b8ad1be489a3c446dbb0ec4dba2989f4c6d7371616c3594d56d6be33623670dc2bd88523ea694895ad91cd1a3fbfc5797e018ccf87d61a69677c26f605c4d9a57a7e0d8d33106f85ab0d8ab182e48f4c83b83b2c9652d768df1bb919a2c969e4c94f479e471b581b05a3c2b096bb2bf107869b666c6c37b0f75d5d08839b2807eac19081d5370eab91b809ababcbe2aacddad03d318ff00e52925831b2ee218dc74103aa8c423a588599aeae3d82c5c9c5d5988e2a65121859b303b6099c435325742d9267b9b1b748597d328d2f64128e096a6cdcae76be568ddcb4420b393334e6f70d9c13d1e28db3ee1fb0781a38ab78470ebea672fab0590349b37ab94dc3bc2a692d57881cd29176c5d1ab5197537f9048b2cce90dae8fcb238626451b638da191b76685634dd340d53ecb3aecd8961dd365df25d7d136e1596713629ae705cf75942e7ea540b06bdc553ab98319a9b6975349201a9590e31c6bc050ba38dff005b31b36db808e11e4f0194b8c74cdf116302b7127169bb21395bee847880f2aa17dc6a77d4a667b1d175e10e3138d6cf94b4be651b04d74965539d75dceb1d4a3c145c8aa1cc7687e4a7e764735fd41424cbadc29db302deb61ba98421c62512e2e5e0dc650943c001539a4e6d4178ea6cac01a844862ecb0c96d70d173656a84b63cc4ddc4fe887dc32fad92d3d459ce6b553436a9a8b0f092f15ac013ba1521cf3b869ba864a8918dfb437b2ab1b9ef766cc6ff15490cb6e4c24458905d63d929a2708f34a403b80151b484dc92483bdd1305f3b0117db72a306a7c86076460045acaacc499064d3bab422d7cda90a0a87c7191d49510567434b328bfea8af0d62a30aaf9640dcf9996b2072cce7e83645f83991bf1f0c99a1e0b0e87e6ae4ba336f67a2f07d7c988545739f196005b947e6b5ac05dd10ac0608db349cb63580b46c11e21acd4059904caef223172579f7f15a764d835106ee253fb2df4f1ba42482b01fc4ea531e074d23bfce3fb2387b059e60e1e6d52060ea9cfd52807e4b40b13237b26916b94f290856442308b5ec91dabb50a5644725d718cbac1531a915a53616b26377525436cfcbd94636560929d530ef64e6ea94b3add428686db5ee9a4117b296c0345f709962e2a1308ec744b9548580592395168e0d0025beeb86a1210a16348b1d7549d139c754dd9428ebd9266b255c40b2b20e1a84a135ba04a37545881b6ba476e9c76496b91656508341a2730b8b92654f60ca4150848db161b1f32b341511b6702568513a3d04918f8a8e76652d900dd5071e99e8bc350c52627198c0b58bb40b6799ce76ae58ff00e1b4be2048d0d04b19626cb64f8dcd3a0d965b3d9d8a71c4b2c71ca3529f9885031ce0dd93daf713a84b431a0bd0dcb3556e41a2ab43f66ad49a04e472ecfbc80a6a7242ac3479035de4b14d48d7272fa5e1e365d8896e92ebaea0bc1494d26c94e8157965b224b4a16596c1529a6b02124f36ea84b2dd352c1b5d6d8b34809559e6eb9ef513dfa245b66237c2387a67f0aa9239e96b1920bb6405a7f2515453ba9eaa484fdd3a2b9fc27d30f9ddfea288710d2663e2983d26ce5e0fcb7b6c8deba4021b5d2eadd6cb87b6c755c4dd642ccaf11e19c89c56c63eadfa380e8508a7ab968e76d4426ce6906ddc2decd032a61744f1e470587afa0930ca9746f17697790fb2b5d90dde1b5f1e2548da888836f50ec55d0745e7984e252e1357ce679a371fac6aded3d4c357036a29dc1cc720944a2cb764e06c9834d13c04a6592872980040045d566eeac30dc842c86278b384cbaa3e90a26df37ad9efdd07c331d968e46d2d6870319b4720d1cdf6f70bd4a581b340e8ceceeab0188d0cb438a3a0ab6c533ef689c06a4145cb63d8eadb36b8255fd2f95923839dcb21c4750a1747ce9e47004318de4c43a01d7fa29386f0cfa168e69e5395d2477d7a5c2af13ab313ac6d251445b1b7592776df2581e266f49b467b19a49eb71238752b0b9ed708da0741d7f65b3e1de18830689b24df5b5246e766a2586e114d8635c63f3cce3e794ee4abff002433b5e62190a97b675efa93aa5b245d7d524d1f8c1c374e2532f6484dd59121c4a612bb36898e711f050bc39e6e54323b4b27970e8ab4d2817d540b0a75f50ca785ef79f2b45c95e458d628fc531192673af1b49118ecb45c798f5dc30d824373f6842c532c06834dae574fc7ab1726737cab7ff143eeb81d5349b5875292e56d39e38a45dbeb65cf360a1063b7dd73a52c80f72a32fd7cc546f7878b01a34a84381f49564cba0b0d5553ae9d148d1a6a5597a3cb9ced4952d1806a6c762143f754f47fde9b7eca8a8fb16a1e351ef64909b006c926b0d3dd34481a2d721445c89cbac0956e2ab0ca6198843f3b7294b18cd6eca9a0eb938be8b325517ca72e971a28656dd9771d42790d6869ecba5f3022da28864db657bd822dc2d216711d2df4cfe5420682ddd5fc1251163b42f3d2568fccab97a10bd9edd853b972e9f85162e2e4168db95ed28cb47942c9f91c2d859623f8aecfff008b44efc337f42b71d2cb1ffc4f88c9c20e36f4cc0fe85147d82cf1cb79414b64f8da481aa7f2f6d16942591065c26b9a402a70db148f69ca49015968637372c6a981ced4dd4a00c971d9700036feca8714a4bbe4b9097268134124937ea9e2e4ab14c6b458a97eea6861beca6634582a0921ad6070bdd34581d0299a2fa04c91994ecab436ba23372531c149b0ec985d7d2eac0d386813755cd1772711650b185b717ee9845baa94efb269dd5a298cb7baee8b8f6e8bba6cac115a7a2713afc52017d029990697721612ec8cb4dae9e63218d701b956e283336f653be1cd405f7d5a7f455a1f060d03d939801900bab5042da96965ecf1b28792f8641986a0d95e95c5e96e38b96e0c7fa5c99352b9af7d3bba0ccd562e64636ff9a7cd965a881d7b9ca415435c711bcfe1653361c0aa6aade6964b37e0b5b34baa15c174869384699a40bbc97fe65117dcbc8b2c937d9d4f1fa88f64a2c9e25d4689b1c64ee9e22d475d500f93418a0d63055897650d10cb1d80534ba84f5e8e3d9fe8423648774eb6965c02b188f1909e364c09f7e8be9878c6fa39217586ab89b055a69ac1125a06e8b2cd6beaa8cf51ee9269f42a94925d35743abaf45966bf5559cebdf55cf7dd44e768b35b6e236c20908f2984df45c5ca32e5c8bafe87c51ebdfc296db0794f7795a0ad02464ac23d5dd02fe160b60321ff005946eb742f2bccbfed63d1b63e3132cf6e47169e86c983756676e625c155bd8a4590e2caaa7c91c0daeaae2587c389d218dc007f43d42b19b55cdd7aa05d0c3053d34d49506099845b6bfde0afe0b8c3b09983492fa579b39bf8568714c29989c396f96567a1c1639ec7d3cae8656e5737437ea8b74b3d2a9e68aa626cf0bf3b1fa82ac35c0ac0e098e49864c2379cd4cf3620fdd5b986464b1b658dd763b5042549144eddd4f1eea16299ba25b442dc66da5d51c5b0da7aa969eae41f594efcd703523dd4dce631b773c0f9aa18cf10d1e1d46e2f787c8fb35ad07ba17179d0c83c68274d0bf1a0e7c8e2da7bdadb5ec8d471c70c79226060ea00b5d57c2c346174c4340cec0eb0f756f75cd97b3b75a58342517ee96cb900c3972eb26b9d6545e1c5cbb44845d72b2c52459464a5728c9d55906cae0102c7f148f0ca096a1ce1e51e5f728ad4cb945baaf2be35c61f5d889a28dc3950917f72b4535f2626d9f0899baaa892b2adf532925ef37d7a241b6ab8803a2e1b2ec2ea3871a4f93d16fadd280014d4a4e8ac011ceb6814324a761a948f92e6c146012eb13d5421353534d5d50ca7823324af36ca89712e12cc1e6a4a70dcb2181a65d7ef585d5cc1699d4b8ad23db233d7ab81443f8874ce269eb45dcd24c65ddc8bff00c23e3d680e5fdb0c4804a9982e3e0a269eca461b142863241b27446d3b32dee744d1aeca5a51fce457d8382a65457674f1904efba6c7166dcab15766bdc01bf99431b803b12a8638e1298181bdd4c69e36c0d2db870175017b9c6c1aad96bc46d16b68a68d8453455249164e2e193dd231a4bcb6daa9e9e974bbf5d7643a1706ca4c8def7eda2bb0431c134735fcd1c8d70d7b14ea80d89f702c3d94465063366f4bdd58b71c67b6513b3c71bafbd8a3c05d83e0b33c3720a8c3699e752620b50c1768f82cdf9298c2d3d167f8fa9ccbc155961e92d3fbad3868210ae2c844dc2788c637e5dd147d919e0505b9609dc8fe89d9ba59322d2267fb427137bfb2d284b1da5f54c79b348b04a7b951bfd255968e3e84c99f6876b275c8681d14552eb8caa86fe08e168b5ed70a4196fb26c6481609d675d582238a589a48b5d296df529d110d161a9baa65c7d92363cba129933c5884e7924dca89c09421c9f457b9beeb85baa7bc06951d893745f81039bba716dd358427dcdf65024216e8a2769add4ed697f448f8801aa8134421b982e6b2ee5306f61a273596db55341c1b1b755643011aebeca211bae2fa2bd1c6034772858fae23a9f3bc59adca069aa9a081e6496090ddb23741d9246ec9a38809d2d4c6c9a37dc8d46ca8d2d24818d2fa3aad5a6ec3b22b308e49a396220b2417208d8a8710609246ccd16cc12d1115110800b3da6ed214c1514b4b514704ae30bda58f2743d157a8a39a96a63664b83d52ce5ed99af7820b4ea47b2334ce8eb2b2986f7d0fc556e1b1d69a3d470ba764181d1c234b42d3f3b2e31333eea4b18a1646366b40fd14198e75924f58e82c45a646db6e9e226dc150b49b27b4b8902ead14c294de9b292551d37a027cbba72f47327f791db55ced12a476aac6a3ffd9);

-- --------------------------------------------------------

--
-- Estructura de tabla para la tabla `entrenador`
--

CREATE TABLE `entrenador` (
  `id_entrenador` int(11) NOT NULL,
  `id_persona` int(11) NOT NULL
) ENGINE=InnoDB DEFAULT CHARSET=utf8;

--
-- Volcado de datos para la tabla `entrenador`
--

INSERT INTO `entrenador` (`id_entrenador`, `id_persona`) VALUES
(1, 2);

-- --------------------------------------------------------

--
-- Estructura de tabla para la tabla `estudiante`
--

CREATE TABLE `estudiante` (
  `id_estudiante` int(11) NOT NULL,
  `id_persona` int(11) NOT NULL,
  `id_nivel` int(11) NOT NULL,
  `id_entrenador` int(11) NOT NULL,
  `club` varchar(45) NOT NULL,
  `id_categoria` int(11) NOT NULL
) ENGINE=InnoDB DEFAULT CHARSET=utf8;

--
-- Volcado de datos para la tabla `estudiante`
--

INSERT INTO `estudiante` (`id_estudiante`, `id_persona`, `id_nivel`, `id_entrenador`, `club`, `id_categoria`) VALUES
(1, 3, 1, 1, 'x', 1);

-- --------------------------------------------------------

--
-- Estructura de tabla para la tabla `evaluacion_aspirante`
--

CREATE TABLE `evaluacion_aspirante` (
  `id_evaluacion_aspirante` int(11) NOT NULL,
  `id_estudiante` int(11) NOT NULL,
  `fecha` date NOT NULL
) ENGINE=InnoDB DEFAULT CHARSET=utf8;

--
-- Volcado de datos para la tabla `evaluacion_aspirante`
--

INSERT INTO `evaluacion_aspirante` (`id_evaluacion_aspirante`, `id_estudiante`, `fecha`) VALUES
(6, 1, '1970-01-01'),
(7, 1, '1970-01-01'),
(8, 1, '2000-06-21'),
(9, 1, '2000-06-21'),
(10, 1, '2000-06-21'),
(11, 1, '2000-06-21'),
(12, 1, '2000-06-21'),
(13, 1, '2000-06-21'),
(14, 1, '2000-06-21'),
(15, 1, '2000-06-21'),
(16, 1, '2000-03-30'),
(17, 1, '2000-06-21');

-- --------------------------------------------------------

--
-- Estructura de tabla para la tabla `nivel`
--

CREATE TABLE `nivel` (
  `id_nivel` int(11) NOT NULL,
  `nombre` text NOT NULL,
  `rango` text NOT NULL
) ENGINE=InnoDB DEFAULT CHARSET=utf8;

--
-- Volcado de datos para la tabla `nivel`
--

INSERT INTO `nivel` (`id_nivel`, `nombre`, `rango`) VALUES
(1, 'PRUEBA', '12'),
(2, 'NELIO', '1234');

-- --------------------------------------------------------

--
-- Estructura de tabla para la tabla `parametro`
--

CREATE TABLE `parametro` (
  `id_parametro` int(11) NOT NULL,
  `nombre` text NOT NULL,
  `respuesta` char(2) NOT NULL
) ENGINE=InnoDB DEFAULT CHARSET=utf8;

-- --------------------------------------------------------

--
-- Estructura de tabla para la tabla `persona`
--

CREATE TABLE `persona` (
  `id_persona` int(11) NOT NULL,
  `cedula` text NOT NULL,
  `nombre` text NOT NULL,
  `apellido` text NOT NULL,
  `telefono` text NOT NULL,
  `correo` text NOT NULL,
  `direccion` text NOT NULL,
  `ciudad` varchar(45) NOT NULL,
  `fecha_nacimiento` date NOT NULL,
  `sexo` varchar(1) NOT NULL,
  `provincia` varchar(45) NOT NULL
) ENGINE=InnoDB DEFAULT CHARSET=utf8;

--
-- Volcado de datos para la tabla `persona`
--

INSERT INTO `persona` (`id_persona`, `cedula`, `nombre`, `apellido`, `telefono`, `correo`, `direccion`, `ciudad`, `fecha_nacimiento`, `sexo`, `provincia`) VALUES
(1, '0953865177', 'Nelio Reynaldo', 'Ciguencia Cadena', '3872803', 'neliomarcos040@gmail.com', 'carchi 4619', 'guayaquil', '2000-06-21', 'M', 'Guayas'),
(2, '0915636195', 'JAIMILTON CEVALLOS', 'KJKJKJK', '3872803', 'LUISARDILAMACIAS@GMAIL.COM', 'CARCHI Y FRANSISCO SEGURA', 'GUAYAQUIL', '2000-07-21', 'M', 'GUAYAS'),
(3, '098765432', 'ROBINSON CETRE', 'VALENCIA', '1234567', 'XXX@EXAMPLE.COM', '', 'GUAYAQUIL', '2000-06-21', '', 'GUAYAS'),
(5, '0915636195', 'ROBERT', 'DENILO', '3456765432', 'LUISARDILAMARCIAS@GMAIL.COM', 'CIUDAD', '', '2222-06-21', '', ''),
(6, '098765434567', 'INDULAC S.A.', 'LLLLLL', '3456765432', 'LUISARDILAMARCIAS@GMAIL.COM', 'NUEVO', 'GUAYAQUIL', '2000-09-21', 'M', 'GUAYAS');

-- --------------------------------------------------------

--
-- Estructura de tabla para la tabla `representante`
--

CREATE TABLE `representante` (
  `idRepresentante` int(11) NOT NULL,
  `Nombre` varchar(45) NOT NULL,
  `Apellido` varchar(45) NOT NULL,
  `Cedula` varchar(12) NOT NULL,
  `Telefono` varchar(45) NOT NULL,
  `correo` varchar(45) NOT NULL,
  `fecha_nacimiento` date NOT NULL,
  `sector` varchar(45) NOT NULL,
  `direccion` varchar(45) DEFAULT NULL,
  `id_estudiante` int(11) NOT NULL
) ENGINE=InnoDB DEFAULT CHARSET=latin1;

-- --------------------------------------------------------

--
-- Estructura de tabla para la tabla `usuario`
--

CREATE TABLE `usuario` (
  `id_usuario` int(11) NOT NULL,
  `usuario` varchar(45) NOT NULL,
  `clave` text NOT NULL,
  `idpersona` int(11) NOT NULL,
  `estado` varchar(8) NOT NULL
) ENGINE=InnoDB DEFAULT CHARSET=utf8;

--
-- Volcado de datos para la tabla `usuario`
--

INSERT INTO `usuario` (`id_usuario`, `usuario`, `clave`, `idpersona`, `estado`) VALUES
(1, 'NELIO', 'NELIO', 2, 'ACTIVO');

--
-- Índices para tablas volcadas
--

--
-- Indices de la tabla `asistencia`
--
ALTER TABLE `asistencia`
  ADD PRIMARY KEY (`idasistencia`);

--
-- Indices de la tabla `categoria`
--
ALTER TABLE `categoria`
  ADD PRIMARY KEY (`idcategoria`);

--
-- Indices de la tabla `detalle_asistencia`
--
ALTER TABLE `detalle_asistencia`
  ADD PRIMARY KEY (`iddetalle_asistencia`),
  ADD KEY `fk_asistencia_idx` (`idasistencia`),
  ADD KEY `fk_estudiante_asistencia_idx` (`idestudiante`);

--
-- Indices de la tabla `detalle_evaluacion`
--
ALTER TABLE `detalle_evaluacion`
  ADD PRIMARY KEY (`iddetalle_evaluacion`),
  ADD KEY `fk_ejercicio_idx` (`idejercicio`),
  ADD KEY `fk_cabecera_idx` (`idevaluacion_aspirante`);

--
-- Indices de la tabla `ejercicio`
--
ALTER TABLE `ejercicio`
  ADD PRIMARY KEY (`id_ejercicio`),
  ADD KEY `fk__ejercicio_idx` (`id_nivel`);

--
-- Indices de la tabla `entrenador`
--
ALTER TABLE `entrenador`
  ADD PRIMARY KEY (`id_entrenador`),
  ADD KEY `fk_persona_idx` (`id_persona`);

--
-- Indices de la tabla `estudiante`
--
ALTER TABLE `estudiante`
  ADD PRIMARY KEY (`id_estudiante`),
  ADD KEY `fk_id_persona_idx` (`id_persona`),
  ADD KEY `fk_id_nivel_idx` (`id_nivel`),
  ADD KEY `fk_id_entrenador_idx` (`id_entrenador`),
  ADD KEY `persona_idx` (`id_persona`),
  ADD KEY `fk_categoria_idx` (`id_categoria`);

--
-- Indices de la tabla `evaluacion_aspirante`
--
ALTER TABLE `evaluacion_aspirante`
  ADD PRIMARY KEY (`id_evaluacion_aspirante`),
  ADD KEY `fk_estudiante_evaluacion_idx` (`id_estudiante`);

--
-- Indices de la tabla `nivel`
--
ALTER TABLE `nivel`
  ADD PRIMARY KEY (`id_nivel`);

--
-- Indices de la tabla `parametro`
--
ALTER TABLE `parametro`
  ADD PRIMARY KEY (`id_parametro`);

--
-- Indices de la tabla `persona`
--
ALTER TABLE `persona`
  ADD PRIMARY KEY (`id_persona`);

--
-- Indices de la tabla `representante`
--
ALTER TABLE `representante`
  ADD PRIMARY KEY (`idRepresentante`),
  ADD UNIQUE KEY `Cedula_UNIQUE` (`Cedula`),
  ADD UNIQUE KEY `id_estudiante_UNIQUE` (`id_estudiante`),
  ADD KEY `fk_estudiante_representante_idx` (`id_estudiante`);

--
-- Indices de la tabla `usuario`
--
ALTER TABLE `usuario`
  ADD PRIMARY KEY (`id_usuario`),
  ADD UNIQUE KEY `usuario_UNIQUE` (`usuario`),
  ADD UNIQUE KEY `idpersona_UNIQUE` (`idpersona`),
  ADD KEY `fk_usuario_persona_idx` (`idpersona`);

--
-- AUTO_INCREMENT de las tablas volcadas
--

--
-- AUTO_INCREMENT de la tabla `asistencia`
--
ALTER TABLE `asistencia`
  MODIFY `idasistencia` int(11) NOT NULL AUTO_INCREMENT;

--
-- AUTO_INCREMENT de la tabla `categoria`
--
ALTER TABLE `categoria`
  MODIFY `idcategoria` int(11) NOT NULL AUTO_INCREMENT, AUTO_INCREMENT=4;

--
-- AUTO_INCREMENT de la tabla `detalle_asistencia`
--
ALTER TABLE `detalle_asistencia`
  MODIFY `iddetalle_asistencia` int(11) NOT NULL AUTO_INCREMENT;

--
-- AUTO_INCREMENT de la tabla `detalle_evaluacion`
--
ALTER TABLE `detalle_evaluacion`
  MODIFY `iddetalle_evaluacion` int(11) NOT NULL AUTO_INCREMENT, AUTO_INCREMENT=19;

--
-- AUTO_INCREMENT de la tabla `ejercicio`
--
ALTER TABLE `ejercicio`
  MODIFY `id_ejercicio` int(11) NOT NULL AUTO_INCREMENT, AUTO_INCREMENT=6;

--
-- AUTO_INCREMENT de la tabla `entrenador`
--
ALTER TABLE `entrenador`
  MODIFY `id_entrenador` int(11) NOT NULL AUTO_INCREMENT, AUTO_INCREMENT=2;

--
-- AUTO_INCREMENT de la tabla `estudiante`
--
ALTER TABLE `estudiante`
  MODIFY `id_estudiante` int(11) NOT NULL AUTO_INCREMENT, AUTO_INCREMENT=4;

--
-- AUTO_INCREMENT de la tabla `evaluacion_aspirante`
--
ALTER TABLE `evaluacion_aspirante`
  MODIFY `id_evaluacion_aspirante` int(11) NOT NULL AUTO_INCREMENT, AUTO_INCREMENT=18;

--
-- AUTO_INCREMENT de la tabla `nivel`
--
ALTER TABLE `nivel`
  MODIFY `id_nivel` int(11) NOT NULL AUTO_INCREMENT, AUTO_INCREMENT=3;

--
-- AUTO_INCREMENT de la tabla `parametro`
--
ALTER TABLE `parametro`
  MODIFY `id_parametro` int(11) NOT NULL AUTO_INCREMENT;

--
-- AUTO_INCREMENT de la tabla `persona`
--
ALTER TABLE `persona`
  MODIFY `id_persona` int(11) NOT NULL AUTO_INCREMENT, AUTO_INCREMENT=7;

--
-- AUTO_INCREMENT de la tabla `representante`
--
ALTER TABLE `representante`
  MODIFY `idRepresentante` int(11) NOT NULL AUTO_INCREMENT, AUTO_INCREMENT=3;

--
-- AUTO_INCREMENT de la tabla `usuario`
--
ALTER TABLE `usuario`
  MODIFY `id_usuario` int(11) NOT NULL AUTO_INCREMENT, AUTO_INCREMENT=2;

--
-- Restricciones para tablas volcadas
--

--
-- Filtros para la tabla `detalle_asistencia`
--
ALTER TABLE `detalle_asistencia`
  ADD CONSTRAINT `fk_asistencia` FOREIGN KEY (`idasistencia`) REFERENCES `asistencia` (`idasistencia`) ON DELETE NO ACTION ON UPDATE NO ACTION,
  ADD CONSTRAINT `fk_estudiante_asistencia` FOREIGN KEY (`idestudiante`) REFERENCES `estudiante` (`id_estudiante`) ON DELETE NO ACTION ON UPDATE NO ACTION;

--
-- Filtros para la tabla `detalle_evaluacion`
--
ALTER TABLE `detalle_evaluacion`
  ADD CONSTRAINT `fk_cabecera` FOREIGN KEY (`idevaluacion_aspirante`) REFERENCES `evaluacion_aspirante` (`id_evaluacion_aspirante`) ON DELETE NO ACTION ON UPDATE NO ACTION,
  ADD CONSTRAINT `fk_ejercicio` FOREIGN KEY (`idejercicio`) REFERENCES `ejercicio` (`id_ejercicio`) ON DELETE NO ACTION ON UPDATE NO ACTION;

--
-- Filtros para la tabla `ejercicio`
--
ALTER TABLE `ejercicio`
  ADD CONSTRAINT `fk_nivel_ejercicio` FOREIGN KEY (`id_nivel`) REFERENCES `nivel` (`id_nivel`);

--
-- Filtros para la tabla `entrenador`
--
ALTER TABLE `entrenador`
  ADD CONSTRAINT `fk_persona_entrenador` FOREIGN KEY (`id_persona`) REFERENCES `persona` (`id_persona`);

--
-- Filtros para la tabla `estudiante`
--
ALTER TABLE `estudiante`
  ADD CONSTRAINT `fk_categoria` FOREIGN KEY (`id_categoria`) REFERENCES `categoria` (`idcategoria`) ON DELETE NO ACTION ON UPDATE NO ACTION,
  ADD CONSTRAINT `fk_entrenador_estudiante` FOREIGN KEY (`id_entrenador`) REFERENCES `entrenador` (`id_entrenador`),
  ADD CONSTRAINT `fk_nivel_estudiante` FOREIGN KEY (`id_nivel`) REFERENCES `nivel` (`id_nivel`),
  ADD CONSTRAINT `fk_persona_estudiante` FOREIGN KEY (`id_persona`) REFERENCES `persona` (`id_persona`);

--
-- Filtros para la tabla `evaluacion_aspirante`
--
ALTER TABLE `evaluacion_aspirante`
  ADD CONSTRAINT `fk_estudiante_evaluacion` FOREIGN KEY (`id_estudiante`) REFERENCES `estudiante` (`id_estudiante`);

--
-- Filtros para la tabla `representante`
--
ALTER TABLE `representante`
  ADD CONSTRAINT `fk_est` FOREIGN KEY (`id_estudiante`) REFERENCES `estudiante` (`id_estudiante`) ON DELETE NO ACTION ON UPDATE NO ACTION;

--
-- Filtros para la tabla `usuario`
--
ALTER TABLE `usuario`
  ADD CONSTRAINT `fk_usuario_persona` FOREIGN KEY (`idpersona`) REFERENCES `persona` (`id_persona`) ON DELETE NO ACTION ON UPDATE NO ACTION;
COMMIT;

/*!40101 SET CHARACTER_SET_CLIENT=@OLD_CHARACTER_SET_CLIENT */;
/*!40101 SET CHARACTER_SET_RESULTS=@OLD_CHARACTER_SET_RESULTS */;
/*!40101 SET COLLATION_CONNECTION=@OLD_COLLATION_CONNECTION */;
